Song Name,Artist,Album,Duration
"...And to Those I Love, Thanks for Sticking Around","$uicideboy$","Stop Staring At the Shadows",2:49
".38 Special","Shakewell","Big Juice tha Sip",2:11
"#ImSippinTeaInYoHood (feat. Xxxtentacion)","Zamasu","#ImSippinTeaInYoHood",2:55
"10 Chickens (Bonus Track)","Freddie Gibbs","Shadow of a Doubt",2:39
"10 Times (feat. Gucci Mane & E-40)","Freddie Gibbs","Shadow of a Doubt",3:30
"1985 (Intro to “The Fall Off”)","J. Cole","KOD",3:11
"1993 (feat. Smino & Buddy)","Dreamville, J. Cole, JID & EARTHGANG","Revenge Of The Dreamers III: Director's Cut",3:31
"1993 (feat. Smino & Buddy)","Dreamville, J. Cole, JID & EARTHGANG","Revenge Of The Dreamers III",3:31
"1998 (feat. Joey Bada$$)","Maxo Kream","#Maxo187",3:49
"2 Legit","Freddie Gibbs","Freddie",2:28
"2 Step Stevie (R.L.P.)","Ramirez","Son Of Serpentine",2:48
"20 Karat Jesus","Freddie Gibbs","You Only Live 2wice",5:22
"200 Dollars","KOTA the Friend","Lyrics to GO, Vol. 2",1:39
"2009","Mac Miller","Swimming",5:48
"24 hours to live","Joyner Lucas","24 hours to live",3:29
"3 Nights","Dominic Fike","Don't Forget About Me, Demos",2:58
"3230","Vince Staples","Summertime '06",2:53
"33rd Blakk Glass","City Morgue, ZillaKami & SosMula","CITY MORGUE VOL 1: HELL OR HIGH WATER",2:31
"3AM (feat. ScHoolboy Q)","Maxo Kream","Brandon Banks",2:59
"4 Da Kidz","Kid Cudi","Man On The Moon III: The Chosen",3:05
"4 Thangs (Extended Version) (feat. Big Sean & Hit-Boy)","Freddie Gibbs","4 Thangs (Extended Version)",1:57
"4 Your Eyez Only","J. Cole","4 Your Eyez Only",8:51
"4EVA","KAYTRAMINÉ, Aminé, KAYTRANADA, and Pharrell Williams","KAYTRAMINÉ",3:11
"5 A.M.","Logic","YS Collection, Vol. 1",3:41
"631 MAKES ME","ZillaKami","DOG BOY",1:09
"9's in Da Coupe","Cutthroat Mafia","Talez of the Undead, Vol. 1",3:28
"A GHETTO CHRISTMAS CAROL","XXXTENTACION","A GHETTO CHRISTMAS CAROL",1:45
"A Kiss To Build A Dream On","Louis Armstrong","Hello, Dolly!",4:32
"A Moment 4 Jazz","Larry Lovestein & The Velvet Revival","You",3:43
"A Paris (Récital au Théâtre de L'etoile)","Yves Montand","Le Paris De ... Montand",3:04
"Acid Rain","Chance the Rapper","Acid Rap",3:37
"Adore You","Harry Styles","Fine Line",3:28
"After Hours","The Weeknd","After Hours",6:02
"Again","Dave East","Kairi Chanel",3:29
"Ain't No Mountain High Enough","Marvin Gaye & Tammi Terrell","Best Of",2:27
"Album of the Year (Freestyle)","J. Cole","Album of the Year (Freestyle)",2:19
"Alexys","Freddie Gibbs","You Only Live 2wice",3:00
"All Girls Are The Same","Juice WRLD","Goodbye & Good Riddance",2:46
"All Night (feat. Knox Fortune)","Chance the Rapper","Coloring Book",2:22
"All We Got (feat. Kanye West & Chicago Children's Choir)","Chance the Rapper","Coloring Book",3:24
"Alone","Night Lovell","Alone",2:10
"Amnesia","Freddie Gibbs","You Only Live 2wice",3:19
"Amphetamine","Smino","blkswn",7:50
"Andrea","Freddie Gibbs","You Only Live 2wice",3:12
"Angels (feat. Saba)","Chance the Rapper","Coloring Book",3:22
"Anita","Smino","blkswn",3:27
"Anita","Smino","Anita",3:57
"Annoying (feat. T.I.)","Dave East","P2",3:41
"Another Day","Kid Cudi","Man On The Moon III: The Chosen",2:59
"Apparently","J. Cole","2014 Forest Hills Drive",3:20
"ART OF WAR (feat. Denzel Curry & Rico Nasty)","Jasiah","ART OF WAR",4:53
"As It Was","Harry Styles","Harry's House",3:07
"Atlantic,","Sleeping At Last","Yearbook",2:48
"Automatic","Freddie Gibbs","Freddie",3:28
"AUTOMATIC","Denzel Curry & Tay Keith","ZUU",2:32
"B*tches, Dope, and Dollers (feat. G-Wiz)","Freddie Gibbs","The Tonite Show with Freddie Gibbs & The Worlds Freshest",3:03
"Babushka Boi","A$AP Rocky","Babushka Boi",3:45
"BabyWipe","Ski Mask The Slump God","You Will Regret (Reloaded)",3:08
"Backstage Pass","Smino, Monte Booker & The Drums","Backstage Pass",2:49
"BAD!","XXXTENTACION","SKINS",3:45
"Bandana (feat. Assassin)","Freddie Gibbs & Madlib","Bandana",1:35
"Bandit","Juice WRLD & YoungBoy Never Broke Again","Bandit",3:22
"BANG","ELUSID","BANG",3:10
"Barack Obama Special","Bas","Milky Way",3:22
"Barcelona (feat. Samm Henshaw)","KOTA the Friend","Barcelona (feat. Samm Henshaw)",3:08
"BATSHIT","Lil Darkie","BATSHIT",3:21
"Be Careful Texas","That Mexican OT","Lonestar Luchador",1:24
"Beef Rapp","MF DOOM","MM..FOOD",2:15
"Besame Mucho","Lara Louise","Besame Mucho",4:40
"Big Black Truck","Dreamville & JID","Revenge Of The Dreamers III: Director's Cut",3:56
"Big Boss Rabbit","Freddie Gibbs","Big Boss Rabbit",2:33
"Big Dawgs","Hanumankind & Kalmi","Big Dawgs",2:59
"Big Worm","Maxo Kream","The Persona Tape",3:11
"Bigg Facts","Moneybagg Yo","2 Heartless",3:17
"Bitch, Don’t Kill My Vibe","Kendrick Lamar","good kid, m.A.A.d. city",3:01
"Black Cats","ZillaKami","DOG BOY",5:11
"Black Owned Business","Bas","Too High To Riot",1:40
"Black Skinhead","Kanye West","Yeezus",2:42
"Bleach (feat. Denzel Curry)","ZillaKami","DOG BOY",3:09
"Blessings (feat. Jamila Woods)","Chance the Rapper","Coloring Book",4:18
"Blessings (feat. Ty Dolla $ign, Anderson .Paak, BJ The Chicago Kid & Raury)","Chance the Rapper","Coloring Book",3:42
"Blinding Lights","The Weeknd","After Hours",3:51
"Blinding Lights","The Weeknd","Blinding Lights",3:21
"Bloxk Party (feat. Drego)","Sada Baby","Bloxk Party",3:22
"Blue Suede","Vince Staples","Hell Can Wait",3:28
"Blue World","Mac Miller","Circles (Deluxe)",3:39
"Boca Raton","Bas","Milky Way",3:30
"Bohemian Rhapsody","Queen","A Night At The Opera (Deluxe Remastered Version)",3:18
"Bomb (feat. Raekwon)","Freddie Gibbs & Madlib","Piñata",5:55
"Born Free","Andy Williams","Andy Williams' Greatest Hits",3:44
"Born Free","Frank Sinatra","The World We Knew",2:25
"Bounce","Logic","Under Pressure (Deluxe)",2:03
"Bow Down (feat. Denzel Curry)","Deniro Farrar","Rebirth",4:05
"Boy in the Box","City Morgue, ZillaKami & SosMula","My Bloody America",3:47
"Break Shit","Jasiah","Break Shit",2:44
"Breakdown","J. Cole","Cole World: The Sideline Story",1:36
"Broccoli (feat. Lil Yachty)","Shelley FKA DRAM","Big Baby DRAM (Deluxe Version)",4:46
"Broken (feat. Scarface)","Freddie Gibbs & Madlib","Piñata",3:57
"Bulls On Parade","Rage Against The Machine","Evil Empire",4:09
"Buttons","Mac Miller","Buttons",3:50
"C.R.E.A.M. (Cash Rules Everything Around Me) (Radio Edit)","Wu-Tang Clan","C.R.E.A.M. (Cash Rules Everything Around Me)",3:49
"CABIN IN THE WOODS (feat. Jasiah)","City Morgue, ZillaKami & SosMula","CITY MORGUE VOL 3: BOTTOM OF THE BARREL",4:05
"Can't Feel My Face","The Weeknd","Beauty Behind The Madness",2:09
"Can't Get Enough (feat. Trey Songz)","J. Cole","Cole World: The Sideline Story",3:34
"Can't Touch Me","Deniro Farrar","Guilty Until Proven Innocent",3:46
"Canal St. (feat. Bones)","A$AP Rocky","AT.LONG.LAST.A$AP",3:37
"Candles","Juice WRLD","Goodbye & Good Riddance",3:48
"Carbonated Water","Ski Mask The Slump God","Carbonated Water",3:04
"Carefree","Mick Jenkins","Carefree",2:22
"Carry On (feat. Joey Bada$$ & Freddie Gibbs)","Statik Selektah","What Goes Around",3:11
"Cereal (feat. Kenny Mason)","IDK & JID","Cereal",3:28
"Chain Smoker","Chance the Rapper","Acid Rap",3:19
"CHAINS","ZillaKami","DOG BOY",3:31
"CHAINS","ZillaKami","CHAINS",2:54
"Change","J. Cole","4 Your Eyez Only",2:54
"Cheat Codes (feat. Lxui Savage & Ski Mask The Slump God)","Bass Santana","Obeah Child",2:56
"Cherry Bomb","The Runaways","The Runaways",2:19
"Chewing Gum!","ZillaKami","DOG BOY",2:02
"Chicago Diner","KOTA The Friend & Lil KOTA","Outside",2:56
"Children Of The Void (feat. Sosmula)","Ramirez","Children Of The Void",1:51
"Chill Bill (feat. J. Davi$ & Spooks)","Rob $tone","Chill Bill",2:58
"Cinderella (feat. Ty Dolla $ign)","Mac Miller","The Divine Feminine",3:46
"Circles","Mac Miller","Circles (Deluxe)",2:22
"Classic Mouth","Deniro Farrar","Guilty Until Proven Innocent",2:51
"Clinton Hill","KOTA the Friend","Lyrics to GO, Vol. 2",4:18
"Clouds Never Get Old","Bas","Too High To Riot",1:29
"Cocoa Butter Kisses (feat. Twista & Vic Mensa)","Chance the Rapper featuring Vic Mensa and Twista","Acid Rap",3:09
"Cold Ass Nigga","Freddie Gibbs","Shadow of a Doubt",5:08
"Cole World","J. Cole","Cole World: The Sideline Story",3:54
"Collard Greens (feat. Kendrick Lamar)","ScHoolboy Q","Oxymoron",3:05
"Colorado","KOTA The Friend","Colorado",5:00
"Come & Go (feat. Marshmallow)","Juice WRLD","Legends Never Die",3:27
"Come Back to Earth","Mac Miller","Swimming",3:26
"Complicated","Mac Miller","Circles (Deluxe)",2:42
"Congratulations (feat. Bilal)","Mac Miller","The Divine Feminine",3:53
"CONSCIENCE","City Morgue, ZillaKami & SosMula","CITY MORGUE VOL 3: BOTTOM OF THE BARREL",4:17
"Conversation Pt. 1","Mac Miller","Swimming",2:08
"Conversations","Juice WRLD","Legends Never Die",3:31
"COOLEST MONKEY IN THE JUNGLE (feat. SahBabii)","Ski Mask The Slump God","BEWARE THE BOOK OF ELI",3:02
"Costa Rica (feat. Guapdad 4000, Reese LAFLARE, Jace & Mez)","Dreamville, Bas & JID","Revenge Of The Dreamers III",2:33
"Costa Rica (feat. Guapdad 4000, Reese LAFLARE, Jace & Mez)","Dreamville","Revenge Of The Dreamers III: Director's Cut",3:38
"Country Roads (Live 1995)","John Denver","The Wildlife Concert",3:38
"Crazy He Calls Me","Billie Holiday","Lover Man",3:16
"Again","Dave East","Kairi Chanel",3:06
"Ain't No Mountain High Enough","Marvin Gaye & Tammi Terrell","Best Of",2:27
Song Name,Artist,Album,Duration
"Dave East & Sosmula Home Invasion","DJ Triple Exe","Street Kings 66",3:02
"DAWG","City Morgue, ZillaKami & SosMula","DAWG",1:41
"Day 'N' Nite (nightmare)","Kid Cudi","Man On The Moon: The End Of Day",2:00
"Days Go By","Deniro Farrar","The Patriarch",3:42
"Deal Wiv It","Mura Masa & slowthai","R.Y.C",5:17
"Dear Maria","Freddie Gibbs","You Only Live 2wice",2:57
"death bed (coffee for your head)","Powfu & beabadoobee","poems of the past",3:56
"DEATH CULT INTRO","City Morgue, ZillaKami & SosMula","CITY MORGUE VOL 3: BOTTOM OF THE BARREL",2:54
"Death Row (feat. 03 Greedo)","Freddie Gibbs","Freddie",1:37
"dedgrl","ZillaKami","DOG BOY",2:23
"Deeper","Freddie Gibbs","Piñata",1:58
"Deja Vu","J. Cole","4 Your Eyez Only",3:20
"Designer","Bas","Milky Way",4:25
"Diablo","Mac Miller","Faces",2:54
"Diamonds 2 (feat. Cassie Jo Craig & Irie Jane Gibbs)","Freddie Gibbs","Freddie",3:19
"Die for You","The Weeknd","Starboy",3:36
"DIET_","Denzel Curry & Kenny Beats","UNLOCKED",4:21
"Disgusted (feat. Dreamville)","Dreamville","Revenge Of The Dreamers III: Director's Cut",2:24
"Dive","Kid Cudi","Man On The Moon III: The Chosen",2:44
"Do Not Disturb","Drake","More Life",2:29
"Dog Days Are Over","Florence + The Machine","Lungs (Digital Deluxe Version)",4:44
"Dollar and a Dream III","J. Cole","Cole World: The Sideline Story",4:13
"Don't Front","Bas","Don't Front",4:44
"Don't Hit Me Right Now (feat. Yung Baby Tate, Guapdad 4000 & Buddy)","Dreamville & Bas","Revenge Of The Dreamers III",3:16
"Don't Hit Me Right Now (feat. Yung Baby Tate, Guapdad 4000 & Buddy)","Dreamville","Revenge Of The Dreamers III: Director's Cut",2:55
"Don't Run (Remix) (feat. Young M.A, Dave East, Don Q & Fabolous)","Casanova","Don't Run (Remix)",2:55
"Don't Stop Me Now","Queen","Jazz (Deluxe Remastered Version)",5:12
"Dopamine (feat. Cozz)","Bas","Too High To Riot",3:30
"Yellow Tape","Key Glock","Dough",3:37
"Down Bad (feat. JID, Bas, J. Cole & EARTHGANG)","Dreamville","Revenge Of The Dreamers III",3:19
"Revenge Of The Dreamers III: Director's Cut,Down Bad (feat. Dreamville, JID, J. Cole & EARTHGANG)","Dreamville","Revenge Of The Dreamers III: Director's Cut",2:50
"DR. WHOEVER","Aminé","ONEPOINTFIVE",4:20
"DRAINO (feat. Denzel Curry)","City Morgue, ZillaKami & SosMula","CITY MORGUE VOL 2: AS GOOD AS DEAD",3:23
"Dreams (2004 Remaster)","Fleetwood Mac","Rumours",4:18
"Drug Dealer","slowthai","Nothing Great About Britain",3:08
"Dunno","Mac Miller","Swimming",2:58
"Elevator","KOTA the Friend & Statik Selektah","To See A Sunset",3:40
"Elsie's Baby Boy (flashback)","Kid Cudi","Man On The Moon III: The Chosen",3:40
"Emotionally Dumb","KOTA the Friend","Lyrics to GO, Vol. 2",1:34
"End Of Daze (feat. Jurdan Bryant, Mereba & Hollywood JB)","Spillage Village, EARTHGANG & JID","Spilligion",5:34
"Enemy (from the series Arcane League of Legends)","Imagine Dragons, JID, Arcane & League Of Legends","Mercury : Acts 1 & 2",2:54
"Envy","Dave East","Karma 3",2:58
"Equalizer (feat. Ronny J)","Denzel Curry","13",2:50
"Everybody","Mac Miller","Circles (Deluxe)",4:17
"everybody dies","J. Cole","everybody dies",2:42
"Everybody Dies In Their Nightmares","XXXTENTACION","17",1:36
"Everybody's Something (feat. BJ The Chicago Kid & Saba)","Chance the Rapper featuring Saba and BJ The Chicago Kid","Acid Rap",4:37
"Everyday (feat. Rod Stewart, Miguel & Mark Ronson)","A$AP Rocky","AT.LONG.LAST.A$AP",4:21
"EVERYTHING IS BROKEN","City Morgue, ZillaKami & SosMula","CITY MORGUE VOL 3: BOTTOM OF THE BARREL",4:21
"Everything's Good (Good Ass Outro)","Chance the Rapper","Acid Rap",2:20
"Extradite (feat. Black Thought)","Freddie Gibbs","Shadow of a Doubt",5:34
"F**kin' Problems (feat. Drake, 2 Chainz & Kendrick Lamar)","A$AP Rocky","LONG.LIVE.A$AP (Deluxe Version)",4:40
"What It Means to Be King","King Von","What It Means to Be King",3:54
"Falling","Harry Styles","Fine Line",2:37
"False Advertisement","Hopsin","False Advertisement",4:01
"False Prophets","J. Cole","False Prophets",4:36
"Fast Car","Luke Combs","Gettin' Old",3:58
"Favorite Song (feat. Childish Gambino)","Chance the Rapper featuring Childish Gambino","Acid Rap",4:26
"FBC","Freddie Gibbs","Freddie",3:06
"Finish Line / Drown (feat. T-Pain, Kirk Franklin, Eryn Allen Kane & Noname)","Chance the Rapper","Coloring Book",2:04
"FLAP LIPS","City Morgue & ZillaKami","CITY MORGUE VOL 3: BOTTOM OF THE BARREL",6:47
"Flat Tummy Tea","Freddie Gibbs & Madlib","Flat Tummy Tea",1:58
"Flaunt","Mick Jenkins","The Circus",2:35
"Floating","Mac Miller","Circles (Deluxe)",2:22
"Fly Me To The Moon (2008 Remastered) (feat. Count Basie And His Orchestra)","Frank Sinatra","Nothing But The Best (2008 Remastered)",4:15
"Fly Me To The Moon (In Other Words)","Frank Sinatra & Count Basie","It Might As Well Be Swing",2:28
"Foldin Clothes","J. Cole","4 Your Eyez Only",2:30
"For The Night (feat. Lil Baby & DaBaby)","Pop Smoke","Shoot For The Stars Aim For The Moon",5:17
"For Whom the Bell Tolls","J. Cole","4 Your Eyez Only",3:11
"Forever and a Day","Freddie Gibbs","Shadow of a Doubt",2:08
"Forgive Me","I’m That Puddle","Forgive Me",4:37
"Fragrance (feat. Correy C)","Bas","Milky Way",3:04
"Frank Lucas (feat. Benny the Butcher)","Freddie Gibbs & The Alchemist","Alfredo",3:38
"Freddie Gordy","Freddie Gibbs","Shadow of a Doubt",4:42
"Front Desk","Bas","Milky Way",3:52
"FROSTY","ZillaKami","DOG BOY",3:21
"Fuckin' up the Count","Freddie Gibbs","Shadow of a Doubt",2:51
"fukumean","Gunna","a Gift & a Curse",3:22
"Fully Automatic","Mac Young","Fully Automatic",2:06
"FUN!","Vince Staples","FM!",3:11
"Funky President (People It's Bad)","James Brown","Reality",2:52
"G Like Dat","Freddie Gibbs","The Tonite Show with Freddie Gibbs & The Worlds Freshest",4:29
"Gang Related","Logic","Oxymoron",3:09
"Gang Related","Logic","Under Pressure (Deluxe)",2:48
"Gang Signs (feat. ScHoolboy Q)","Freddie Gibbs","$oul $old $eparately (Bonus Edition)",3:24
"Gang Signs (feat. ScHoolboy Q)","Freddie Gibbs","Gang Signs",2:47
"Gaspar Yanga","D Smoke & Snoop Dogg","Black Habits",2:16
"Gaspare","Conway the Machine, Wun Two, & Goosebytheway","Palermo",3:39
"GED (Gettin Every Dolla)","Lute","Gold Mouf (Deluxe)",2:35
"Giannis (feat. Anderson .Paak)","Freddie Gibbs & Madlib","Giannis",3:19
"Give Up the Goods (Just Step) (feat. Big Noyd)","Mobb Deep","The Infamous - 25th Anniversary Expanded Edition",4:04
"Gnat","Eminem","Music To Be Murdered By - Side B (Deluxe Edition)",4:09
"God Is Fair, Sexy Nasty (feat. Kendrick Lamar)","Mac Miller","The Divine Feminine",4:33
"God Is Perfect","Freddie Gibbs & The Alchemist","Alfredo",8:21
"God's Gift","J. Cole","Cole World: The Sideline Story",4:00
"Godzilla (feat. Juice WRLD)","Eminem","Music To Be Murdered By",3:33
"Gold Digger (feat. Jamie Foxx)","Kanye West","Late Registration",3:28
"Gold Thangs & Pinky Rangs (Da Hooptie) (feat. Shakewell & Pouya)","Ramirez","THE PLAYA$ MANUAL",4:25
"Goldie","A$AP Rocky","LONG.LIVE.A$AP (Deluxe Version)",3:13
"Good Ass Intro (feat. BJ The Chicago Kid & Lili K)","Chance the Rapper featuring BJ The Chicago Kid and Lili K","Acid Rap",4:00
"good kid","Kendrick Lamar","good kid, m.A.A.d. city",3:35
"Good News","Mac Miller","Circles (Deluxe)",5:43
"Good Night (feat. Twelve'len & Nell)","Denzel Curry","Imperial",4:07
"Gorilla Monsoon","Westside Gunn & MF DOOM","WestSide Doom",3:57
"God Is Fair, Sexy Nasty (feat. Kendrick Lamar)","Mac Miller","The Divine Feminine",4:33
"Grapejuice","Harry Styles","Harry's House",4:22
"Guerrilla Radio","Rage Against The Machine","The Battle Of Los Angeles",3:12
"Gvnman Session (feat. John Coop & Shacko DiTruth)","Skeng","Gvnman Session",3:27
"Gvnman Shift","Skeng","Gvnman Shift",2:33
"Hand Me Downs","Mac Miller","Circles (Deluxe)",3:25
"Hands","Mac Miller","Circles (Deluxe)",4:59
"Handsomeness","Dave East","Karma 3",3:20
"Hard to Find","idontknowjeffery","Hard to Find",2:54
"Harder Than My Demons","Big Sean","Detroit 2",2:09
"Harold’s","Freddie Gibbs & Madlib","Piñata",2:12
"Hearing","Sleeping At Last","Atlas: Senses",2:50
"Heart Attack","scarlxrd","Chaxsthexry",4:08
"Heartless","The Weeknd","After Hours",3:14
"Heaven On Earth","Kid Cudi","Man On The Moon III: The Chosen",3:19
"Hellcat (feat. Shakewell)","Germ","The Hijinx Tape",3:22
"Hello","ZillaKami","DOG BOY",1:57
"Her","Kota the Friend","Her",2:29
"High (feat. Danny Brown)","Freddie Gibbs & Madlib","Piñata",4:26
"High For Hours","J. Cole","High For Hours",2:58
"High For Hours","J. Cole","High For Hours",2:58
"Hit","Kenny Mason","Hit",4:12
"Hit List","That Mexican OT, BigXthaPlug, & Big Yavo","Lonestar Luchador",2:38
"Home (feat. BJ The Chicago Kid)","Freddie Gibbs & Madlib","Knicks Remix",3:06
"Home For A Rest","Spirit of the West","Save This House",2:14
"Homesick","Freddie Gibbs","You Only Live 2wice",4:37
"Homicide (feat. Eminem)","Logic","Confessions of a Dangerous Mind",4:30
"Hooked On A Feeling","Blue Swede & Björn Skifs","Pinewood Rally",2:53
"Hop Is Back","Hopsin","Knock Madness",3:34
"Hope","XXXTENTACION","?",1:50
"HOT ONE (feat. TiaCorine & A$AP Ferg)","Denzel Curry","HOT ONE",2:46
"HOT SHELLS","City Morgue, ZillaKami & SosMula","CITY MORGUE VOL 3: BOTTOM OF THE BARREL",4:25
"Housewives","Bas","Too High To Riot",3:31
"Housewives (Remix) (feat. Ab-Soul)","Bas","Housewives (Remix)",4:06
"How Great (feat. Jay Electronica & My cousin Nicole)","Chance the Rapper","Coloring Book",3:26
"HUMBLE.","Kendrick Lamar","DAMN. COLLECTORS EDITION.",5:38
"Hunnids","Ramirez","THE PLAYA$ MANUAL",2:57
"Hurt Feelings","Mac Miller","Swimming",2:15
"I Can See","Mac Miller","Circles (Deluxe)",4:06
"I Get a Kick Out of You","Ella Fitzgerald","Night and Day",3:41
"I Heard You Were Looking for Me","Night Lovell","I Heard You Were Looking for Me",4:04
"I Hit These Licks for You Momma (feat. Yoshi Thompkins)","Bass Santana","I Hit These Licks for You Momma (feat. Yoshi Thompkins)",3:06
"I spoke to the devil in miami, he said everything would be fine","XXXTENTACION","LOOK AT ME: THE ALBUM",3:38
"I Want You Back","Jackson 5","Greatest Hits",2:59
"I Want You Back","Jackson 5","Diana Ross Presents The Jackson 5",2:59
"Icarus (feat. Ari Lennox)","Bas","Milky Way",3:41
"IHY","ZillaKami","DOG BOY",4:23
"Ill Mind of Hopsin 8","Hopsin","Ill Mind of Hopsin 8",2:09
"Immortal","J. Cole","4 Your Eyez Only",6:31
"In the Morning (feat. Drake)","J. Cole","Cole World: The Sideline Story",3:22
"Indica Badu (feat. Wiz Khalifa)","Logic","Bobby Tarantino II",3:55
"Infinity (888) (feat. Joey Bada$$)","XXXTENTACION","?",4:21
"Infinity+2 (feat. Correy C)","Bas","Milky Way",2:57
"Insecurities","Freddie Gibbs","Shadow of a Doubt",1:55
"Interlude (That's Love)","Chance the Rapper","Acid Rap",4:27
"Intro","J. Cole","Cole World: The Sideline Story",2:30
"Jet Fuel","Mac Miller","Swimming",1:23
"Jocelyn Flores","XXXTENTACION","17",5:46
"JoHn Muir","ScHoolboy Q","Blank Face LP",2:00
"Juice","Chance the Rapper","Acid Rap (10th Anniversary - Complete Edition)",3:40
"Juice","Chance the Rapper","Acid Rap",3:36
"Juke Jam (feat. Justin Bieber & Towkio)","Chance the Rapper","Coloring Book",0:31
"Just Another Rapper","Dave East & Harry Fraud","HOFFA",3:40
"Just Wanna Rock","Lil Uzi Vert","Pink Tape",3:26
"K.R.I.T. HERE","Big K.R.I.T.","K.R.I.T. IZ HERE",2:04
"Ka-Bang! (feat. MF Doom)","CZARFACE","Every Hero Needs a Villain",3:21
"Keep It Gangsta","Freddie Gibbs","The Tonite Show with Freddie Gibbs & The Worlds Freshest",2:53
"King","Deniro Farrar","Sole Food",3:06
"King Kunta","Kendrick Lamar","To Pimp A Butterfly",2:29
"King Of The Dead","XXXTENTACION","LOOK AT ME: THE ALBUM",3:55
"Kiss With A Fist","Florence + The Machine","Harder Than Hell",3:40
"KLINK","Smino","NOIR",2:15
"Triple Threat","Freddie Gibbs","Piñata",3:03
"Pinball II (feat. Correy C)","Bas","Pinball II",2:28
"Pomegranate","KOTA the Friend","Lyrics to GO, Vol. 2",3:00
"Poppa (feat. Julian Bell)","Smino","blkjuptr",3:18
"Praise The Lord (Da Shine) (feat. Skepta)","A$AP Rocky","TESTING",4:07
"Pray For Me","The Weeknd & Kendrick Lamar","Pray For Me",4:22
"Pronto","Freddie Gibbs","Shadow of a Doubt",3:16
"PROS","City Morgue, ZillaKami & SosMula","My Bloody America",3:38
"Protocols","Skeng, Tommy Lee Sparta & 1stClass","Protocol",3:20
"Psycho","slowthai & Denzel Curry","Psycho",2:54
"PTSD (feat. Mereba, Deante' Hitchcock & St. Beauty)","Dreamville, Omen","Revenge Of The Dreamers III",3:58
"PTSD (feat. Mereba, Deante' Hitchcock & St. Beauty)","Dreamville, Omen","Revenge Of The Dreamers III: Director's Cut",3:58
"Purge (feat. Domo Genesis & Earl Sweatshirt)","Bass Santana","XXX TENTACION Presents: Members Only, Vol. 4",4:18
Song Name,Artist,Album,Duration
"Sing About Me, I'm Dying of Thirst","Kendrick Lamar","good kid, m.A.A.d city",12:52
"Dance with the Devil","Immortal Technique","Revolutionary Vol. 1",8:03
"Rap God","Eminem","The Marshall Mathers LP 2",6:04
"The Message","Grandmaster Flash and the Furious Five","Greatest Messages",7:12
"Untitled (How Does It Feel)","D'Angelo","Voodoo",5:55
"Stairway to Heaven","Led Zeppelin","Led Zeppelin IV",8:02
"Bohemian Rhapsody","Queen","A Night At The Opera",5:55
"Take Five","Dave Brubeck Quartet","Time Out",5:24
"Reckoner","Radiohead","In Rainbows",4:50
"Lose Yourself to Dance","Daft Punk (feat. Pharrell Williams)","Random Access Memories",5:53
"Money Trees","Kendrick Lamar (feat. Jay Rock)","good kid, m.A.A.d city (Deluxe)",6:27
"All of the Lights","Kanye West","My Beautiful Dark Twisted Fantasy",4:59
"Everything Is Broken","City Morgue, ZillaKami & SosMula","CITY MORGUE VOL 3: BOTTOM OF THE BARREL",4:21
"God Only Knows","The Beach Boys","Pet Sounds",2:51
"All of Me","John Legend","Love in the Future",4:29
"Jungle","Drake","Certified Lover Boy",4:01
"Blinding Lights","The Weeknd","After Hours",3:22
"God's Plan","Drake","Scorpion",3:19
"Take Care (feat. Rihanna)","Drake","Take Care",3:59
"A Change Is Gonna Come","Sam Cooke","The Very Best of Sam Cooke",3:35
"Heroes (We Could Be)","Alesso (feat. Tove Lo)","Heroes",3:33
"Runaway","Kanye West (feat. Pusha T)","My Beautiful Dark Twisted Fantasy",9:08
"November Rain","Guns N' Roses","Use Your Illusion I",8:57
"Desolation Row","Bob Dylan","Highway 61 Revisited",11:21
"Echoes","Pink Floyd","Meddle",23:31
"Marquee Moon","Television","Marquee Moon",10:31
"American Pie","Don McLean","American Pie",8:33
"The End","The Doors","The Doors",11:41
"Paranoid Android","Radiohead","OK Computer",6:23
"2112","Rush","2112",20:33
"All Along the Watchtower","Jimi Hendrix","Electric Ladyland",4:00
"Take Me Out","Franz Ferdinand","Franz Ferdinand",3:30
"Let It Be","The Beatles","Let It Be",4:03
"Hey Jude","The Beatles","Hey Jude",7:11
"Smells Like Teen Spirit","Nirvana","Nevermind",5:01
"Born to Run","Bruce Springsteen","Born to Run",4:30
"Requiem for a Dream","Clint Mansell","Requiem for a Dream",3:54
"Hey You","Pink Floyd","The Wall",5:07
"Comfortably Numb","Pink Floyd","The Wall",6:22
"Layla","Derek and the Dominos","Layla and Other Assorted Love Songs",7:07
"Free Bird","Lynyrd Skynyrd","Pronounced 'Lĕh-'nérd 'Skin-'nérd",9:08
"Wish You Were Here","Pink Floyd","Wish You Were Here",5:40
"Desolation Row","Bob Dylan","Highway 61 Revisited",11:21
"Paranoid Android","Radiohead","OK Computer",6:23
"Sultans of Swing","Dire Straits","Dire Straits",5:48
"Layla","Eric Clapton","Layla and Other Assorted Love Songs",7:07
"Shine On You Crazy Diamond (Parts I-V)","Pink Floyd","Wish You Were Here",13:32
"War Pigs","Black Sabbath","Paranoid",7:55
"Child in Time","Deep Purple","Deep Purple in Rock",10:05
"Paranoid","Black Sabbath","Paranoid",5:00
"Sultans of Swing","Dire Straits","Dire Straits",5:48
"Runaway","Kanye West (feat. Pusha T)","My Beautiful Dark Twisted Fantasy",9:08
"November Rain","Guns N' Roses","Use Your Illusion I",8:57
"Desolation Row","Bob Dylan","Highway 61 Revisited",11:21
"Echoes","Pink Floyd","Meddle",23:31
"Marquee Moon","Television","Marquee Moon",10:31
"American Pie","Don McLean","American Pie",8:33
"The End","The Doors","The Doors",11:41
"Paranoid Android","Radiohead","OK Computer",6:23
"2112","Rush","2112",20:33
"All Along the Watchtower","Jimi Hendrix","Electric Ladyland",4:00
"Take Me Out","Franz Ferdinand","Franz Ferdinand",3:30
"Let It Be","The Beatles","Let It Be",4:03
"Hey Jude","The Beatles","Hey Jude",7:11
"Smells Like Teen Spirit","Nirvana","Nevermind",5:01
"Born to Run","Bruce Springsteen","Born to Run",4:30
"Requiem for a Dream","Clint Mansell","Requiem for a Dream",3:54
"Hey You","Pink Floyd","The Wall",5:07
"Comfortably Numb","Pink Floyd","The Wall",6:22
"Layla","Derek and the Dominos","Layla and Other Assorted Love Songs",7:07
"Free Bird","Lynyrd Skynyrd","Pronounced 'Lĕh-'nérd 'Skin-'nérd",9:08
"Wish You Were Here","Pink Floyd","Wish You Were Here",5:40
"Desolation Row","Bob Dylan","Highway 61 Revisited",11:21
"Paranoid Android","Radiohead","OK Computer",6:23
"Sultans of Swing","Dire Straits","Dire Straits",5:48
"Layla","Eric Clapton","Layla and Other Assorted Love Songs",7:07
"Shine On You Crazy Diamond (Parts I-V)","Pink Floyd","Wish You Were Here",13:32
"War Pigs","Black Sabbath","Paranoid",7:55
"Child in Time","Deep Purple","Deep Purple in Rock",10:05
"Paranoid","Black Sabbath","Paranoid",5:00
"Sultans of Swing","Dire Straits","Dire Straits",5:48
"Runaway","Kanye West (feat. Pusha T)","My Beautiful Dark Twisted Fantasy",9:08
"November Rain","Guns N' Roses","Use Your Illusion I",8:57
"Desolation Row","Bob Dylan","Highway 61 Revisited",11:21
"Echoes","Pink Floyd","Meddle",23:31
"Marquee Moon","Television","Marquee Moon",10:31
"American Pie","Don McLean","American Pie",8:33
"The End","The Doors","The Doors",11:41
"Paranoid Android","Radiohead","OK Computer",6:23
"2112","Rush","2112",20:33
"All Along the Watchtower","Jimi Hendrix","Electric Ladyland",4:00
"Take Me Out","Franz Ferdinand","Franz Ferdinand",3:30
"Let It Be","The Beatles","Let It Be",4:03
"Hey Jude","The Beatles","Hey Jude",7:11
"Smells Like Teen Spirit","Nirvana","Nevermind",5:01
"Born to Run","Bruce Springsteen","Born to Run",4:30
"Requiem for a Dream","Clint Mansell","Requiem for a Dream",3:54
"Hey You","Pink Floyd","The Wall",5:07
"Comfortably Numb","Pink Floyd","The Wall",6:22
"Layla","Derek and the Dominos","Layla and Other Assorted Love Songs",7:07
"Free Bird","Lynyrd Skynyrd","Pronounced 'Lĕh-'nérd 'Skin-'nérd",9:08
"Wish You Were Here","Pink Floyd","Wish You Were Here",5:40
"Desolation Row","Bob Dylan","Highway 61 Revisited",11:21
"Paranoid Android","Radiohead","OK Computer",6:23
"Sultans of Swing","Dire Straits","Dire Straits",5:48
"Layla","Eric Clapton","Layla and Other Assorted Love Songs",7:07
"Shine On You Crazy Diamond (Parts I-V)","Pink Floyd","Wish You Were Here",13:32
"War Pigs","Black Sabbath","Paranoid",7:55
"Child in Time","Deep Purple","Deep Purple in Rock",10:05
"Paranoid","Black Sabbath","Paranoid",5:00
"Sultans of Swing","Dire Straits","Dire Straits",5:48
"Runaway","Kanye West (feat. Pusha T)","My Beautiful Dark Twisted Fantasy",9:08
"November Rain","Guns N' Roses","Use Your Illusion I",8:57
"Desolation Row","Bob Dylan","Highway 61 Revisited",11:21
"Echoes","Pink Floyd","Meddle",23:31
"Marquee Moon","Television","Marquee Moon",10:31
"American Pie","Don McLean","American Pie",8:33
"The End","The Doors","The Doors",11:41
"Paranoid Android","Radiohead","OK Computer",6:23
"2112","Rush","2112",20:33
"All Along the Watchtower","Jimi Hendrix","Electric Ladyland",4:00
"Take Me Out","Franz Ferdinand","Franz Ferdinand",3:30
"Let It Be","The Beatles","Let It Be",4:03
"Hey Jude","The Beatles","Hey Jude",7:11
"Smells Like Teen Spirit","Nirvana","Nevermind",5:01
"Born to Run","Bruce Springsteen","Born to Run",4:30
"Requiem for a Dream","Clint Mansell","Requiem for a Dream",3:54
"Hey You","Pink Floyd","The Wall",5:07
"Comfortably Numb","Pink Floyd","The Wall",6:22
"Layla","Derek and the Dominos","Layla and Other Assorted Love Songs",7:07
"Free Bird","Lynyrd Skynyrd","Pronounced 'Lĕh-'nérd 'Skin-'nérd",9:08
"Wish You Were Here","Pink Floyd","Wish You Were Here",5:40
"Desolation Row","Bob Dylan","Highway 61 Revisited",11:21
"Paranoid Android","Radiohead","OK Computer",6:23
"Sultans of Swing","Dire Straits","Dire Straits",5:48
"Layla","Eric Clapton","Layla and Other Assorted Love Songs",7:07
"Shine On You Crazy Diamond (Parts I-V)","Pink Floyd","Wish You Were Here",13:32
"War Pigs","Black Sabbath","Paranoid",7:55
"Child in Time","Deep Purple","Deep Purple in Rock",10:05
"Paranoid","Black Sabbath","Paranoid",5:00
"Sultans of Swing","Dire Straits","Dire Straits",5:48
"Runaway","Kanye West (feat. Pusha T)","My Beautiful Dark Twisted Fantasy",9:08
"November Rain","Guns N' Roses","Use Your Illusion I",8:57
"Desolation Row","Bob Dylan","Highway 61 Revisited",11:21
"Echoes","Pink Floyd","Meddle",23:31
"Marquee Moon","Television","Marquee Moon",10:31
"American Pie","Don McLean","American Pie",8:33
"The End","The Doors","The Doors",11:41
"Paranoid Android","Radiohead","OK Computer",6:23
"2112","Rush","2112",20:33
"All Along the Watchtower","Jimi Hendrix","Electric Ladyland",4:00
"Take Me Out","Franz Ferdinand","Franz Ferdinand",3:30
"Let It Be","The Beatles","Let It Be",4:03
"Hey Jude","The Beatles","Hey Jude",7:11
"Smells Like Teen Spirit","Nirvana","Nevermind",5:01
"Born to Run","Bruce Springsteen","Born to Run",4:30
"Requiem for a Dream","Clint Mansell","Requiem for a Dream",3:54
"Hey You","Pink Floyd","The Wall",5:07
"Comfortably Numb","Pink Floyd","The Wall",6:22
"Layla","Derek and the Dominos","Layla and Other Assorted Love Songs",7:07
"Free Bird","Lynyrd Skynyrd","Pronounced 'Lĕh-'nérd 'Skin-'nérd",9:08
"Wish You Were Here","Pink Floyd","Wish You Were Here",5:40
"Desolation Row","Bob Dylan","Highway 61 Revisited",11:21
"Paranoid Android","Radiohead","OK Computer",6:23
"Sultans of Swing","Dire Straits","Dire Straits",5:48
"Layla","Eric Clapton","Layla and Other Assorted Love Songs",7:07
"Shine On You Crazy Diamond (Parts I-V)","Pink Floyd","Wish You Were Here",13:32
"War Pigs","Black Sabbath","Paranoid",7:55
"Child in Time","Deep Purple","Deep Purple in Rock",10:05
"Paranoid","Black Sabbath","Paranoid",5:00
"Sultans of Swing","Dire Straits","Dire Straits",5:48
"Runaway","Kanye West (feat. Pusha T)","My Beautiful Dark Twisted Fantasy",9:08
"November Rain","Guns N' Roses","Use Your Illusion I",8:57
"Desolation Row","Bob Dylan","Highway 61 Revisited",11:21
"Echoes","Pink Floyd","Meddle",23:31
"Marquee Moon","Television","Marquee Moon",10:31
"American Pie","Don McLean","American Pie",8:33
"The End","The Doors","The Doors",11:41
"Paranoid Android","Radiohead","OK Computer",6:23
"2112","Rush","2112",20:33
"All Along the Watchtower","Jimi Hendrix","Electric Ladyland",4:00
"Take Me Out","Franz Ferdinand","Franz Ferdinand",3:30
"Let It Be","The Beatles","Let It Be",4:03
"Hey Jude","The Beatles","Hey Jude",7:11
"Smells Like Teen Spirit","Nirvana","Nevermind",5:01
"Born to Run","Bruce Springsteen","Born to Run",4:30
"Requiem for a Dream","Clint Mansell","Requiem for a Dream",3:54
"Hey You","Pink Floyd","The Wall",5:07
"Comfortably Numb","Pink Floyd","The Wall",6:22
"Layla","Derek and the Dominos","Layla and Other Assorted Love Songs",7:07
"Free Bird","Lynyrd Skynyrd","Pronounced 'Lĕh-'nérd 'Skin-'nérd",9:08
"Wish You Were Here","Pink Floyd","Wish You Were Here",5:40
Song Name,Artist,Album,Duration
"Sing About Me, I'm Dying of Thirst","Kendrick Lamar","good kid, m.A.A.d city",12:52
"Dance with the Devil","Immortal Technique","Revolutionary Vol. 1",8:03
"Rap God","Eminem","The Marshall Mathers LP 2",6:04
"The Message","Grandmaster Flash and the Furious Five","Greatest Messages",7:12
"Untitled (How Does It Feel)","D'Angelo","Voodoo",5:55
"Stairway to Heaven","Led Zeppelin","Led Zeppelin IV",8:02
"Bohemian Rhapsody","Queen","A Night At The Opera",5:55
"Take Five","Dave Brubeck Quartet","Time Out",5:24
"Reckoner","Radiohead","In Rainbows",4:50
"Lose Yourself to Dance","Daft Punk (feat. Pharrell Williams)","Random Access Memories",5:53
"Money Trees","Kendrick Lamar (feat. Jay Rock)","good kid, m.A.A.d city (Deluxe)",6:27
"All of the Lights","Kanye West","My Beautiful Dark Twisted Fantasy",4:59
"Everything Is Broken","City Morgue, ZillaKami & SosMula","CITY MORGUE VOL 3: BOTTOM OF THE BARREL",4:21
"God Only Knows","The Beach Boys","Pet Sounds",2:51
"All of Me","John Legend","Love in the Future",4:29
"Jungle","Drake","Certified Lover Boy",4:01
"Blinding Lights","The Weeknd","After Hours",3:22
"God's Plan","Drake","Scorpion",3:19
"Take Me Out","Franz Ferdinand","Franz Ferdinand",3:57
"Ain't No Mountain High Enough","Marvin Gaye & Tammi Terrell","Best Of",2:27
"Everything Is Broken","City Morgue, ZillaKami & SosMula","CITY MORGUE VOL 3: BOTTOM OF THE BARREL",4:21
"Sing About Me, I'm Dying of Thirst","Kendrick Lamar","good kid, m.A.A.d city",12:52
"Runaway","Kanye West (feat. Pusha T)","My Beautiful Dark Twisted Fantasy",9:08
"Empire State of Mind","Jay-Z (feat. Alicia Keys)","The Blueprint 3",4:36
"Hotel California","Eagles","Hotel California",6:30
"November Rain","Guns N' Roses","Use Your Illusion I",8:57
"Desolation Row","Bob Dylan","Highway 61 Revisited",11:21
"Shine On You Crazy Diamond","Pink Floyd","Wish You Were Here",13:32
"Echoes","Pink Floyd","Meddle",23:31
"Child in Time","Deep Purple","Deep Purple in Rock",10:19
"Stairway to Heaven","Led Zeppelin","Led Zeppelin IV",8:02
"2112 Overture/The Temples of Syrinx","Rush","2112",20:33
"The End","The Doors","The Doors",11:41
"Thick as a Brick","Jethro Tull","Thick as a Brick",43:46
"Close to the Edge","Yes","Close to the Edge",18:43
"American Pie","Don McLean","American Pie",8:33
"Free Bird","Lynyrd Skynyrd","(Pronounced 'Lĕh-'nérd 'Skin-'nérd)",9:08
"Starless","King Crimson","Red",12:18
"Marquee Moon","Television","Marquee Moon",10:35
"Achilles Last Stand","Led Zeppelin","Presence",10:25
"War Pigs","Black Sabbath","Paranoid",7:55
"The Gates of Delirium","Yes","Relayer",21:55
"Close to the Edge","Yes","Close to the Edge",18:43
"Telegraph Road","Dire Straits","Love Over Gold",14:18
"2112","Rush","2112",20:33
"Rime of the Ancient Mariner","Iron Maiden","Powerslave",13:45
"Child in Time","Deep Purple","Deep Purple in Rock",10:19
"Thick as a Brick","Jethro Tull","Thick as a Brick",43:46
"Close to the Edge","Yes","Close to the Edge",18:43
"Echoes","Pink Floyd","Meddle",23:31
"Free Bird","Lynyrd Skynyrd","(Pronounced 'Lĕh-'nérd 'Skin-'nérd)",9:08
Song Name,Artist,Album,Duration
"Come Through and Chill (feat. J. Cole, Salaam Remi & Bas)","Miguel","War & Leisure",3:30
"Take Care (feat. Rihanna)","Drake","Take Care",3:59
"Earned It (Fifty Shades of Grey)","The Weeknd","Beauty Behind the Madness",4:50
"All Too Well (10 Minute Version) (Taylor's Version) (From The Vault)","Taylor Swift","Red (Taylor's Version)",10:13
"Runnin' (Lose It All)","Aurora","The Gods We Can Touch",4:45
"Hotel California (Live on MTV Unplugged)","Eagles","Unplugged",9:50
"Shadow of the Day","Linkin Park","Minutes to Midnight",4:50
"Heroes (We Could Be)","Alesso (feat. Tove Lo)","Heroes",3:33
"Love on the Brain","Rihanna","Anti",3:44
"Gravity (feat. John Mayer)","John Mayer","Continuum",4:05
"Smells Like Teen Spirit","Nirvana","Nevermind",5:01
"2112 Overture/The Temples of Syrinx","Rush","2112",20:33
"Bohemian Rhapsody","Queen","A Night At The Opera",5:55
"Layla (Unplugged)","Eric Clapton","Unplugged",7:26
"Layla","Derek and the Dominos","Layla and Other Assorted Love Songs",7:04
"Shine On You Crazy Diamond","Pink Floyd","Wish You Were Here",13:32
"Free Bird","Lynyrd Skynyrd","(Pronounced 'Lĕh-'nérd 'Skin-'nérd)",9:08
"Stairway to Heaven","Led Zeppelin","Led Zeppelin IV",8:02
"Desolation Row","Bob Dylan","Highway 61 Revisited",11:21
"Thick as a Brick","Jethro Tull","Thick as a Brick",43:46
"Child in Time","Deep Purple","Deep Purple in Rock",10:19
"Rime of the Ancient Mariner","Iron Maiden","Powerslave",13:45
"Marquee Moon","Television","Marquee Moon",10:35
"All of the Lights","Kanye West","My Beautiful Dark Twisted Fantasy",4:59
"Hey You","Pink Floyd","The Wall",5:40
"November Rain","Guns N' Roses","Use Your Illusion I",8:57
"Comfortably Numb","Pink Floyd","The Wall",6:24
"Sympathy for the Devil","The Rolling Stones","Beggars Banquet",6:18
"Under Pressure","Queen & David Bowie","Hot Space",4:08
"Paradise by the Dashboard Light","Meat Loaf","Bat Out of Hell",8:28
"American Pie","Don McLean","American Pie",8:33
"The Gates of Delirium","Yes","Relayer",21:55
"One","Metallica","...And Justice for All",7:27
"Freewill","Rush","Permanent Waves",6:23
"2112","Rush","2112",20:33
"Roundabout","Yes","Fragile",8:29
"2112 Overture/The Temples of Syrinx","Rush","2112",20:33
"Bohemian Rhapsody","Queen","A Night At The Opera",5:55
"Echoes","Pink Floyd","Meddle",23:31
"Child in Time","Deep Purple","Deep Purple in Rock",10:19
"Thick as a Brick","Jethro Tull","Thick as a Brick",43:46
"Close to the Edge","Yes","Close to the Edge",18:43
"Telegraph Road","Dire Straits","Love Over Gold",14:18
"Hotel California","Eagles","Hotel California",6:30
"Reckoner","Radiohead","In Rainbows",4:50
"Lose Yourself to Dance","Daft Punk (feat. Pharrell Williams)","Random Access Memories",5:53
"Money Trees","Kendrick Lamar (feat. Jay Rock)","good kid, m.A.A.d city (Deluxe)",6:27
"All of the Lights","Kanye West","My Beautiful Dark Twisted Fantasy",4:59
"Everything Is Broken","City Morgue, ZillaKami & SosMula","CITY MORGUE VOL 3: BOTTOM OF THE BARREL",4:21
"God Only Knows","The Beach Boys","Pet Sounds",2:51
"All of Me","John Legend","Love in the Future",4:29
"Jungle","Drake","Certified Lover Boy",4:01
"Blinding Lights","The Weeknd","After Hours",3:22
"God's Plan","Drake","Scorpion",3:19
"Take Me Out","Franz Ferdinand","Franz Ferdinand",3:57
"Ain't No Mountain High Enough","Marvin Gaye & Tammi Terrell","Best Of",2:27
"Everything Is Broken","City Morgue, ZillaKami & SosMula","CITY MORGUE VOL 3: BOTTOM OF THE BARREL",4:21
"Sing About Me, I'm Dying of Thirst","Kendrick Lamar","good kid, m.A.A.d city",12:52
"Runaway","Kanye West (feat. Pusha T)","My Beautiful Dark Twisted Fantasy",9:08
"Empire State of Mind","Jay-Z (feat. Alicia Keys)","The Blueprint 3",4:36
"Hotel California (Live on MTV Unplugged)","Eagles","Unplugged",9:50
"Shadow of the Day","Linkin Park","Minutes to Midnight",4:50
"Heroes (We Could Be)","Alesso (feat. Tove Lo)","Heroes",3:33
"Everything Is Broken","City Morgue, ZillaKami & SosMula","CITY MORGUE VOL 3: BOTTOM OF THE BARREL",4:21
"God Only Knows","The Beach Boys","Pet Sounds",2:51
"All of Me","John Legend","Love in the Future",4:29
"Jungle","Drake","Certified Lover Boy",4:01
"Blinding Lights","The Weeknd","After Hours",3:22
"God's Plan","Drake","Scorpion",3:19
"Take Me Out","Franz Ferdinand","Franz Ferdinand",3:57
"Ain't No Mountain High Enough","Marvin Gaye & Tammi Terrell","Best Of",2:27
"Everything Is Broken","City Morgue, ZillaKami & SosMula","CITY MORGUE VOL 3: BOTTOM OF THE BARREL",4:21
Song Name,Artist,Album,Duration
"We (feat. CeeLo Green)","Mac Miller","The Divine Feminine",5:20
"Weekend (feat. Miguel)","Mac Miller","GO:OD AM",3:29
"Wells Fargo (Interlude) (feat. Buddy & Guapdad 4000)","Dreamville, JID & EARTHGANG","Revenge Of The Dreamers III",2:04
"Wells Fargo (Interlude) (feat. Buddy & Guapdad 4000)","Dreamville, JID & EARTHGANG","Revenge Of The Dreamers III: Director's Cut",2:04
"What in XXXTarnation (feat. Ski Mask the Slump God))","XXXTENTACION","XXXTENTACION Presents: Members Only, Vol. 3",2:45
"What You Want (feat. The Weeknd)","Belly","IMMIGRANT",3:13
"What You Want (feat. The Weeknd)","Belly","What You Want",3:16
"What's The Difference (feat. Eminem & Xzibit)","Dr. Dre","2001",4:05
"What's the Use?","Mac Miller","Swimming",4:05
"When in Rome","Mac Miller","GO:OD AM",4:49
"Who Hurt You","Belly","IMMIGRANT",3:44
"Wings","Mac Miller","Swimming",2:43
"Wishing Well","Juice WRLD","Legends Never Die",4:11
"Woods","Mac Miller","Circles (Deluxe)",3:15
"Work Out","J. Cole","Cole World: The Sideline Story",3:56
"Work REMIX (feat. A$AP Rocky, French Montana, Trinidad James & ScHoolboy Q)","A$AP Ferg","Trap Lord",4:44
"Xion","Belly","IMMIGRANT",2:15
"Yacht Club (feat. Juice WRLD)","Lil Yachty","Nuthin' 2 Prove",2:47
"Yamborghini High (feat. Juicy J)","A$AP Mob","Yamborghini High",5:03
"Yes Indeed","Lil Baby & Drake","Harder Than Ever",2:23
"YOSEMITE","Travis Scott","ASTROWORLD",2:31
"You Should've Known","Hopsin & Dax","You Should've Known",3:15
"Your World (feat. Mack Wilds)","Bas","Last Winter",3:01
Song Name,Artist,Album,Duration
"I Can See","Mac Miller","Circles (Deluxe)",4:06
"I Get a Kick Out of You","Ella Fitzgerald","Night and Day",3:41
"I Heard You Were Looking for Me","Night Lovell","I Heard You Were Looking for Me",4:04
"I Hit These Licks for You Momma (feat. Yoshi Thompkins)","Bass Santana","I Hit These Licks for You Momma (feat. Yoshi Thompkins)",3:06
"I spoke to the devil in miami, he said everything would be fine","XXXTENTACION","LOOK AT ME: THE ALBUM",3:38
"I Want You Back","Jackson 5","Greatest Hits",2:59
"I Want You Back","Jackson 5","Diana Ross Presents The Jackson 5",2:59
"Icarus (feat. Ari Lennox)","Bas","Milky Way",3:41
"IHY","ZillaKami","DOG BOY",4:23
"Ill Mind of Hopsin 8","Hopsin","Ill Mind of Hopsin 8",2:09
"Immortal","J. Cole","4 Your Eyez Only",6:31
"In the Morning (feat. Drake)","J. Cole","Cole World: The Sideline Story",3:22
"Indica Badu (feat. Wiz Khalifa)","Logic","Bobby Tarantino II",3:55
"Infinity (888) (feat. Joey Bada$$)","XXXTENTACION","?",4:21
"Infinity+2 (feat. Correy C)","Bas","Milky Way",2:57
"Insecurities","Freddie Gibbs","Shadow of a Doubt",1:55
"Interlude (That's Love)","Chance the Rapper","Acid Rap",4:27
"Intro","J. Cole","Cole World: The Sideline Story",2:30
"Jet Fuel","Mac Miller","Swimming",1:23
"Jocelyn Flores","XXXTENTACION","17",5:46
"JoHn Muir","ScHoolboy Q","Blank Face LP",2:00
"Juice","Chance the Rapper","Acid Rap (10th Anniversary - Complete Edition)",3:40
"Juice","Chance the Rapper","Acid Rap",3:36
"Juke Jam (feat. Justin Bieber & Towkio)","Chance the Rapper","Coloring Book",0:31
"Just Another Rapper","Dave East & Harry Fraud","HOFFA",3:40
"Just Wanna Rock","Lil Uzi Vert","Pink Tape",3:26
"K.R.I.T. HERE","Big K.R.I.T.","K.R.I.T. IZ HERE",2:04
"Ka-Bang! (feat. MF Doom)","CZARFACE","Every Hero Needs a Villain",3:21
"Keep It Gangsta","Freddie Gibbs","The Tonite Show with Freddie Gibbs & The Worlds Freshest",2:53
"King","Deniro Farrar","Sole Food",3:06
"King Kunta","Kendrick Lamar","To Pimp A Butterfly",2:29
"King Of The Dead","XXXTENTACION","LOOK AT ME: THE ALBUM",3:55
"Kiss With A Fist","Florence + The Machine","Harder Than Hell",3:40
"KLINK","Smino","NOIR",2:15
"Triple Threat","Freddie Gibbs","Piñata",3:03
"Pinball II (feat. Correy C)","Bas","Pinball II",2:28
"Pomegranate","KOTA the Friend","Lyrics to GO, Vol. 2",3:00
"Poppa (feat. Julian Bell)","Smino","blkjuptr",3:18
"Praise The Lord (Da Shine) (feat. Skepta)","A$AP Rocky","TESTING",4:07
"Pray For Me","The Weeknd & Kendrick Lamar","Pray For Me",4:22
"Pronto","Freddie Gibbs","Shadow of the Dreamers III: Director's Cut",3:16
"PROS","City Morgue, ZillaKami & SosMula","My Bloody America",3:38
"Protocols","Skeng, Tommy Lee Sparta & 1stClass","Protocol",3:20
"Psycho","slowthai & Denzel Curry","Psycho",2:54
"PTSD (feat. Mereba, Deante' Hitchcock & St. Beauty)","Dreamville, Omen","Revenge Of The Dreamers III",3:58
"PTSD (feat. Mereba, Deante' Hitchcock & St. Beauty)","Dreamville, Omen","Revenge Of The Dreamers III: Director's Cut",3:58
"Pull Up (feat. NAV)","A Boogie Wit da Hoodie","International Artist",3:22
"Pull Up N Wreck (feat. 21 Savage)","Big Sean & Metro Boomin","Double Or Nothing",3:14
"God Is Fair, Sexy Nasty (feat. Kendrick Lamar)","Mac Miller","The Divine Feminine",4:33
"God's Gift","J. Cole","Cole World: The Sideline Story",4:00
"Gold Digger (feat. Jamie Foxx)","Kanye West","Late Registration",3:28
"Golden Goals","Bas","Last Winter",3:37
"Good Ass Intro (feat. BJ The Chicago Kid & Lili K)","Chance the Rapper featuring BJ The Chicago Kid and Lili K","Acid Rap",4:00
"good kid","Kendrick Lamar","good kid, m.A.A.d. city",3:35
"Good News","Mac Miller","Circles (Deluxe)",5:43
"Hand Me Downs","Mac Miller","Circles (Deluxe)",3:25
"Hands","Mac Miller","Circles (Deluxe)",4:59
"Handsomeness","Dave East","Karma 3",3:20
"Hard to Find","idontknowjeffery","Hard to Find",2:54
"Harder Than My Demons","Big Sean","Detroit 2",2:09
"Harold’s","Freddie Gibbs & Madlib","Piñata",2:12
"Hearing","Sleeping At Last","Atlas: Senses",2:50
"Heart Attack","scarlxrd","Chaxsthexry",4:08
"Heartless","The Weeknd","After Hours",3:14
"Heaven On Earth","Kid Cudi","Man On The Moon III: The Chosen",3:19
"Hellcat (feat. Shakewell)","Germ","The Hijinx Tape",3:22
"Hello","ZillaKami","DOG BOY",1:57
"Her","Kota the Friend","Her",2:29
"High For Hours","J. Cole","High For Hours",2:58
"High For Hours","J. Cole","High For Hours",2:58
"Hit","Kenny Mason","Hit",4:12
"Hit List","That Mexican OT, BigXthaPlug, & Big Yavo","Lonestar Luchador",2:38
"Home (feat. BJ The Chicago Kid)","Freddie Gibbs & Madlib","Knicks Remix",3:06
"Home For A Rest","Spirit of the West","Save This House",2:14
"Homesick","Freddie Gibbs","You Only Live 2wice",4:37
"Homicide (feat. Eminem)","Logic","Confessions of a Dangerous Mind",4:30
"Hooked On A Feeling","Blue Swede & Björn Skifs","Pinewood Rally",2:53
"Hop Is Back","Hopsin","Knock Madness",3:34
"Hope","XXXTENTACION","?",1:50
"HOT ONE (feat. TiaCorine & A$AP Ferg)","Denzel Curry","HOT ONE",2:46
"HOT SHELLS","City Morgue, ZillaKami & SosMula","CITY MORGUE VOL 3: BOTTOM OF THE BARREL",4:25
"Housewives","Bas","Too High To Riot",3:31
"Housewives (Remix) (feat. Ab-Soul)","Bas","Housewives (Remix)",4:06
"How Great (feat. Jay Electronica & My cousin Nicole)","Chance the Rapper","Coloring Book",3:26
"HUMBLE.","Kendrick Lamar","DAMN. COLLECTORS EDITION.",5:38
"Hunnids","Ramirez","THE PLAYA$ MANUAL",2:57
"Hurt Feelings","Mac Miller","Swimming",2:15
Song Name,Artist,Album,Duration
"I Can See","Mac Miller","Circles (Deluxe)",4:06
"I Get a Kick Out of You","Ella Fitzgerald","Night and Day",3:41
"I Heard You Were Looking for Me","Night Lovell","I Heard You Were Looking for Me",4:04
"I Hit These Licks for You Momma (feat. Yoshi Thompkins)","Bass Santana","I Hit These Licks for You Momma (feat. Yoshi Thompkins)",3:06
"I spoke to the devil in miami, he said everything would be fine","XXXTENTACION","LOOK AT ME: THE ALBUM",3:38
"I Want You Back","Jackson 5","Greatest Hits",2:59
"I Want You Back","Jackson 5","Diana Ross Presents The Jackson 5",2:59
"Icarus (feat. Ari Lennox)","Bas","Milky Way",3:41
"IHY","ZillaKami","DOG BOY",4:23
"Ill Mind of Hopsin 8","Hopsin","Ill Mind of Hopsin 8",2:09
"Immortal","J. Cole","4 Your Eyez Only",6:31
"In the Morning (feat. Drake)","J. Cole","Cole World: The Sideline Story",3:22
"Indica Badu (feat. Wiz Khalifa)","Logic","Bobby Tarantino II",3:55
"Infinity (888) (feat. Joey Bada$$)","XXXTENTACION","?",4:21
"Infinity+2 (feat. Correy C)","Bas","Milky Way",2:57
"Insecurities","Freddie Gibbs","Shadow of a Doubt",1:55
"Interlude (That's Love)","Chance the Rapper","Acid Rap",4:27
"Intro","J. Cole","Cole World: The Sideline Story",2:30
"Jet Fuel","Mac Miller","Swimming",1:23
"Jocelyn Flores","XXXTENTACION","17",5:46
"JoHn Muir","ScHoolboy Q","Blank Face LP",2:00
"Juice","Chance the Rapper","Acid Rap (10th Anniversary - Complete Edition)",3:40
"Juice","Chance the Rapper","Acid Rap",3:36
"Juke Jam (feat. Justin Bieber & Towkio)","Chance the Rapper","Coloring Book",0:31
"Just Another Rapper","Dave East & Harry Fraud","HOFFA",3:40
"Just Wanna Rock","Lil Uzi Vert","Pink Tape",3:26
"K.R.I.T. HERE","Big K.R.I.T.","K.R.I.T. IZ HERE",2:04
"Ka-Bang! (feat. MF Doom)","CZARFACE","Every Hero Needs a Villain",3:21
"Keep It Gangsta","Freddie Gibbs","The Tonite Show with Freddie Gibbs & The Worlds Freshest",2:53
"King","Deniro Farrar","Sole Food",3:06
"King Kunta","Kendrick Lamar","To Pimp A Butterfly",2:29
"King Of The Dead","XXXTENTACION","LOOK AT ME: THE ALBUM",3:55
"Kiss With A Fist","Florence + The Machine","Harder Than Hell",3:40
"KLINK","Smino","NOIR",2:15
"Triple Threat","Freddie Gibbs","Piñata",3:03
"Pinball II (feat. Correy C)","Bas","Pinball II",2:28
"Pomegranate","KOTA the Friend","Lyrics to GO, Vol. 2",3:00
"Poppa (feat. Julian Bell)","Smino","blkjuptr",3:18
"Praise The Lord (Da Shine) (feat. Skepta)","A$AP Rocky","TESTING",4:07
"Pray For Me","The Weeknd & Kendrick Lamar","Pray For Me",4:22
"Pronto","Freddie Gibbs","Shadow of the Dreamers III: Director's Cut",3:16
"PROS","City Morgue, ZillaKami & SosMula","My Bloody America",3:38
"Protocols","Skeng, Tommy Lee Sparta & 1stClass","Protocol",3:20
"Psycho","slowthai & Denzel Curry","Psycho",2:54
"PTSD (feat. Mereba, Deante' Hitchcock & St. Beauty)","Dreamville, Omen","Revenge Of The Dreamers III",3:58
"PTSD (feat. Mereba, Deante' Hitchcock & St. Beauty)","Dreamville, Omen","Revenge Of The Dreamers III: Director's Cut",3:58
"Pull Up (feat. NAV)","A Boogie Wit da Hoodie","International Artist",3:22
"Pull Up N Wreck (feat. 21 Savage)","Big Sean & Metro Boomin","Double Or Nothing",3:14
"God Is Fair, Sexy Nasty (feat. Kendrick Lamar)","Mac Miller","The Divine Feminine",4:33
"God's Gift","J. Cole","Cole World: The Sideline Story",4:00
"Gold Digger (feat. Jamie Foxx)","Kanye West","Late Registration",3:28
"Golden Goals","Bas","Last Winter",3:37
"Good Ass Intro (feat. BJ The Chicago Kid & Lili K)","Chance the Rapper featuring BJ The Chicago Kid and Lili K","Acid Rap",4:00
"good kid","Kendrick Lamar","good kid, m.A.A.d. city",3:35
"Good News","Mac Miller","Circles (Deluxe)",5:43
"Hand Me Downs","Mac Miller","Circles (Deluxe)",3:25
"Hands","Mac Miller","Circles (Deluxe)",4:59
"Handsomeness","Dave East","Karma 3",3:20
"Hard to Find","idontknowjeffery","Hard to Find",2:54
"Harder Than My Demons","Big Sean","Detroit 2",2:09
"Harold’s","Freddie Gibbs & Madlib","Piñata",2:12
"Hearing","Sleeping At Last","Atlas: Senses",2:50
"Heart Attack","scarlxrd","Chaxsthexry",4:08
"Heartless","The Weeknd","After Hours",3:14
"Heaven On Earth","Kid Cudi","Man On The Moon III: The Chosen",3:19
"Hellcat (feat. Shakewell)","Germ","The Hijinx Tape",3:22
"Hello","ZillaKami","DOG BOY",1:57
"Her","Kota the Friend","Her",2:29
"High For Hours","J. Cole","High For Hours",2:58
"High For Hours","J. Cole","High For Hours",2:58
"Hit","Kenny Mason","Hit",4:12
"Hit List","That Mexican OT, BigXthaPlug, & Big Yavo","Lonestar Luchador",2:38
"Home (feat. BJ The Chicago Kid)","Freddie Gibbs & Madlib","Knicks Remix",3:06
"Home For A Rest","Spirit of the West","Save This House",2:14
"Homesick","Freddie Gibbs","You Only Live 2wice",4:37
"Homicide (feat. Eminem)","Logic","Confessions of a Dangerous Mind",4:30
"Hooked On A Feeling","Blue Swede & Björn Skifs","Pinewood Rally",2:53
"Hop Is Back","Hopsin","Knock Madness",3:34
"Hope","XXXTENTACION","?",1:50
"HOT ONE (feat. TiaCorine & A$AP Ferg)","Denzel Curry","HOT ONE",2:46
"HOT SHELLS","City Morgue, ZillaKami & SosMula","CITY MORGUE VOL 3: BOTTOM OF THE BARREL",4:25
"Housewives","Bas","Too High To Riot",3:31
"Housewives (Remix) (feat. Ab-Soul)","Bas","Housewives (Remix)",4:06
"How Great (feat. Jay Electronica & My cousin Nicole)","Chance the Rapper","Coloring Book",3:26
"HUMBLE.","Kendrick Lamar","DAMN. COLLECTORS EDITION.",5:38
"Hunnids","Ramirez","THE PLAYA$ MANUAL",2:57
"Hurt Feelings","Mac Miller","Swimming",2:15
Song Name,Artist,Album,Duration
"Fiji Water In My Iron (feat. KQuick)","Bas","Last Winter",3:43
"Flat Tummy Tea","Freddie Gibbs & Madlib","Flat Tummy Tea",1:58
"Flaunt","Mick Jenkins","The Circus",2:35
"Floating","Mac Miller","Circles (Deluxe)",2:22
"Fly Me To The Moon (2008 Remastered) (feat. Count Basie And His Orchestra)","Frank Sinatra","Nothing But The Best (2008 Remastered)",4:15
"Fly Me To The Moon (In Other Words)","Frank Sinatra & Count Basie","It Might As Well Be Swing",2:28
"Foldin Clothes","J. Cole","4 Your Eyez Only",2:30
"For The Night (feat. Lil Baby & DaBaby)","Pop Smoke","Shoot For The Stars Aim For The Moon",5:17
"For Whom the Bell Tolls","J. Cole","4 Your Eyez Only",3:11
"Forever and a Day","Freddie Gibbs","Shadow of a Doubt",2:08
"Forgive Me","I’m That Puddle","Forgive Me",4:37
"Fragrance (feat. Correy C)","Bas","Milky Way",3:04
"Frank Lucas (feat. Benny the Butcher)","Freddie Gibbs & The Alchemist","Alfredo",3:38
"Freddie Gordy","Freddie Gibbs","Shadow of a Doubt",4:42
"Front Desk","Bas","Milky Way",3:52
"FROSTY","ZillaKami","DOG BOY",3:21
"Fuckin' up the Count","Freddie Gibbs","Shadow of a Doubt",2:51
"fukumean","Gunna","a Gift & a Curse",3:22
"Fully Automatic","Mac Young","Fully Automatic",2:06
"FUN!","Vince Staples","FM!",3:11
"Funky President (People It's Bad)","James Brown","Reality",2:52
"G Like Dat","Freddie Gibbs","The Tonite Show with Freddie Gibbs & The Worlds Freshest",4:29
"Gang Related","Logic","Oxymoron",3:09
"Gang Related","Logic","Under Pressure (Deluxe)",2:48
"Gang Signs (feat. ScHoolboy Q)","Freddie Gibbs","$oul $old $eparately (Bonus Edition)",3:24
"Gang Signs (feat. ScHoolboy Q)","Freddie Gibbs","Gang Signs",2:47
"Gaspar Yanga","D Smoke & Snoop Dogg","Black Habits",2:16
"Gaspare","Conway the Machine, Wun Two, & Goosebytheway","Palermo",3:39
"GED (Gettin Every Dolla)","Lute","Gold Mouf (Deluxe)",2:35
"Giannis (feat. Anderson .Paak)","Freddie Gibbs & Madlib","Giannis",3:19
"Give Up the Goods (Just Step) (feat. Big Noyd)","Mobb Deep","The Infamous - 25th Anniversary Expanded Edition",4:04
"Gnat","Eminem","Music To Be Murdered By - Side B (Deluxe Edition)",4:09
"God Is Fair, Sexy Nasty (feat. Kendrick Lamar)","Mac Miller","The Divine Feminine",4:33
"God Is Perfect","Freddie Gibbs & The Alchemist","Alfredo",8:21
"God's Gift","J. Cole","Cole World: The Sideline Story",4:00
"Godzilla (feat. Juice WRLD)","Eminem","Music To Be Murdered By",3:33
"Gold Digger (feat. Jamie Foxx)","Kanye West","Late Registration",3:28
"Gold Thangs & Pinky Rangs (Da Hooptie) (feat. Shakewell & Pouya)","Ramirez","THE PLAYA$ MANUAL",4:25
"Goldie","A$AP Rocky","LONG.LIVE.A$AP (Deluxe Version)",3:13
"Good Ass Intro (feat. BJ The Chicago Kid & Lili K)","Chance the Rapper featuring BJ The Chicago Kid and Lili K","Acid Rap",4:00
"good kid","Kendrick Lamar","good kid, m.A.A.d. city",3:35
"Good News","Mac Miller","Circles (Deluxe)",5:43
"Hand Me Downs","Mac Miller","Circles (Deluxe)",3:25
"Hands","Mac Miller","Circles (Deluxe)",4:59
"Handsomeness","Dave East","Karma 3",3:20
"Hard to Find","idontknowjeffery","Hard to Find",2:54
"Harder Than My Demons","Big Sean","Detroit 2",2:09
"Harold’s","Freddie Gibbs & Madlib","Piñata",2:12
"Hearing","Sleeping At Last","Atlas: Senses",2:50
"Heart Attack","scarlxrd","Chaxsthexry",4:08
"Heartless","The Weeknd","After Hours",3:14
"Heaven On Earth","Kid Cudi","Man On The Moon III: The Chosen",3:19
"Hellcat (feat. Shakewell)","Germ","The Hijinx Tape",3:22
"Hello","ZillaKami","DOG BOY",1:57
"Her","Kota the Friend","Her",2:29
"High For Hours","J. Cole","High For Hours",2:58
"High For Hours","J. Cole","High For Hours",2:58
"Hit","Kenny Mason","Hit",4:12
"Hit List","That Mexican OT, BigXthaPlug, & Big Yavo","Lonestar Luchador",2:38
"Home (feat. BJ The Chicago Kid)","Freddie Gibbs & Madlib","Knicks Remix",3:06
"Home For A Rest","Spirit of the West","Save This House",2:14
"Homesick","Freddie Gibbs","You Only Live 2wice",4:37
"Homicide (feat. Eminem)","Logic","Confessions of a Dangerous Mind",4:30
"Hooked On A Feeling","Blue Swede & Björn Skifs","Pinewood Rally",2:53
"Hop Is Back","Hopsin","Knock Madness",3:34
"Hope","XXXTENTACION","?",1:50
"HOT ONE (feat. TiaCorine & A$AP Ferg)","Denzel Curry","HOT ONE",2:46
"HOT SHELLS","City Morgue, ZillaKami & SosMula","CITY MORGUE VOL 3: BOTTOM OF THE BARREL",4:25
"Housewives","Bas","Too High To Riot",3:31
"Housewives (Remix) (feat. Ab-Soul)","Bas","Housewives (Remix)",4:06
"How Great (feat. Jay Electronica & My cousin Nicole)","Chance the Rapper","Coloring Book",3:26
"HUMBLE.","Kendrick Lamar","DAMN. COLLECTORS EDITION.",5:38
"Hunnids","Ramirez","THE PLAYA$ MANUAL",2:57
"Hurt Feelings","Mac Miller","Swimming",2:15
"I Can See","Mac Miller","Circles (Deluxe)",4:06
"I Get a Kick Out of You","Ella Fitzgerald","Night and Day",3:41
"I Heard You Were Looking for Me","Night Lovell","I Heard You Were Looking for Me",4:04
"I Hit These Licks for You Momma (feat. Yoshi Thompkins)","Bass Santana","I Hit These Licks for You Momma (feat. Yoshi Thompkins)",3:06
"I spoke to the devil in miami, he said everything would be fine","XXXTENTACION","LOOK AT ME: THE ALBUM",3:38
"I Want You Back","Jackson 5","Greatest Hits",2:59
"I Want You Back","Jackson 5","Diana Ross Presents The Jackson 5",2:59
"Icarus (feat. Ari Lennox)","Bas","Milky Way",3:41
"IHY","ZillaKami","DOG BOY",4:23
"Ill Mind of Hopsin 8","Hopsin","Ill Mind of Hopsin 8",2:09
"Immortal","J. Cole","4 Your Eyez Only",6:31
"In the Morning (feat. Drake)","J. Cole","Cole World: The Sideline Story",3:22
"Indica Badu (feat. Wiz Khalifa)","Logic","Bobby Tarantino II",3:55
"Infinity (888) (feat. Joey Bada$$)","XXXTENTACION","?",4:21
"Infinity+2 (feat. Correy C)","Bas","Milky Way",2:57
"Insecurities","Freddie Gibbs","Shadow of a Doubt",1:55
"Interlude (That's Love)","Chance the Rapper","Acid Rap",4:27
"Intro","J. Cole","Cole World: The Sideline Story",2:30
"Jet Fuel","Mac Miller","Swimming",1:23
"Jocelyn Flores","XXXTENTACION","17",5:46
"JoHn Muir","ScHoolboy Q","Blank Face LP",2:00
"Juice","Chance the Rapper","Acid Rap (10th Anniversary - Complete Edition)",3:40
"Juice","Chance the Rapper","Acid Rap",3:36
"Juke Jam (feat. Justin Bieber & Towkio)","Chance the Rapper","Coloring Book",0:31
"Just Another Rapper","Dave East & Harry Fraud","HOFFA",3:40
"Just Wanna Rock","Lil Uzi Vert","Pink Tape",3:26
"K.R.I.T. HERE","Big K.R.I.T.","K.R.I.T. IZ HERE",2:04
"Ka-Bang! (feat. MF Doom)","CZARFACE","Every Hero Needs a Villain",3:21
"Keep It Gangsta","Freddie Gibbs","The Tonite Show with Freddie Gibbs & The Worlds Freshest",2:53
"King","Deniro Farrar","Sole Food",3:06
"King Kunta","Kendrick Lamar","To Pimp A Butterfly",2:29
"King Of The Dead","XXXTENTACION","LOOK AT ME: THE ALBUM",3:55
"Kiss With A Fist","Florence + The Machine","Harder Than Hell",3:40
"KLINK","Smino","NOIR",2:15
"Triple Threat","Freddie Gibbs","Piñata",3:03
"Pinball II (feat. Correy C)","Bas","Pinball II",2:28
"Pomegranate","KOTA the Friend","Lyrics to GO, Vol. 2",3:00
"Poppa (feat. Julian Bell)","Smino","blkjuptr",3:18
"Praise The Lord (Da Shine) (feat. Skepta)","A$AP Rocky","TESTING",4:07
"Pray For Me","The Weeknd & Kendrick Lamar","Pray For Me",4:22
"Pronto","Freddie Gibbs","Shadow of the Dreamers III: Director's Cut",3:16
"PROS","City Morgue, ZillaKami & SosMula","My Bloody America",3:38
"Protocols","Skeng, Tommy Lee Sparta & 1stClass","Protocol",3:20
"Psycho","slowthai & Denzel Curry","Psycho",2:54
"PTSD (feat. Mereba, Deante' Hitchcock & St. Beauty)","Dreamville, Omen","Revenge Of The Dreamers III",3:58
"PTSD (feat. Mereba, Deante' Hitchcock & St. Beauty)","Dreamville, Omen","Revenge Of The Dreamers III: Director's Cut",3:58
"Pull Up (feat. NAV)","A Boogie Wit da Hoodie","International Artist",3:22
"Pull Up N Wreck (feat. 21 Savage)","Big Sean & Metro Boomin","Double Or Nothing",3:14
"God Is Fair, Sexy Nasty (feat. Kendrick Lamar)","Mac Miller","The Divine Feminine",4:33
"God's Gift","J. Cole","Cole World: The Sideline Story",4:00
"Gold Digger (feat. Jamie Foxx)","Kanye West","Late Registration",3:28
"Golden Goals","Bas","Last Winter",3:37
"Good Ass Intro (feat. BJ The Chicago Kid & Lili K)","Chance the Rapper featuring BJ The Chicago Kid and Lili K","Acid Rap",4:00
"good kid","Kendrick Lamar","good kid, m.A.A.d. city",3:35
"Good News","Mac Miller","Circles (Deluxe)",5:43
"Hand Me Downs","Mac Miller","Circles (Deluxe)",3:25
"Hands","Mac Miller","Circles (Deluxe)",4:59
"Handsomeness","Dave East","Karma 3",3:20
"Hard to Find","idontknowjeffery","Hard to Find",2:54
"Harder Than My Demons","Big Sean","Detroit 2",2:09
"Harold’s","Freddie Gibbs & Madlib","Piñata",2:12
"Hearing","Sleeping At Last","Atlas: Senses",2:50
"Heart Attack","scarlxrd","Chaxsthexry",4:08
"Heartless","The Weeknd","After Hours",3:14
"Heaven On Earth","Kid Cudi","Man On The Moon III: The Chosen",3:19
"Hellcat (feat. Shakewell)","Germ","The Hijinx Tape",3:22
"Hello","ZillaKami","DOG BOY",1:57
"Her","Kota the Friend","Her",2:29
"High For Hours","J. Cole","High For Hours",2:58
"High For Hours","J. Cole","High For Hours",2:58
"Hit","Kenny Mason","Hit",4:12
"Hit List","That Mexican OT, BigXthaPlug, & Big Yavo","Lonestar Luchador",2:38
"Home (feat. BJ The Chicago Kid)","Freddie Gibbs & Madlib","Knicks Remix",3:06
"Home For A Rest","Spirit of the West","Save This House",2:14
"Homesick","Freddie Gibbs","You Only Live 2wice",4:37
"Homicide (feat. Eminem)","Logic","Confessions of a Dangerous Mind",4:30
"Hooked On A Feeling","Blue Swede & Björn Skifs","Pinewood Rally",2:53
"Hop Is Back","Hopsin","Knock Madness",3:34
"Hope","XXXTENTACION","?",1:50
"HOT ONE (feat. TiaCorine & A$AP Ferg)","Denzel Curry","HOT ONE",2:46
"HOT SHELLS","City Morgue, ZillaKami & SosMula","CITY MORGUE VOL 3: BOTTOM OF THE BARREL",4:25
"Housewives","Bas","Too High To Riot",3:31
"Housewives (Remix) (feat. Ab-Soul)","Bas","Housewives (Remix)",4:06
"How Great (feat. Jay Electronica & My cousin Nicole)","Chance the Rapper","Coloring Book",3:26
"HUMBLE.","Kendrick Lamar","DAMN. COLLECTORS EDITION.",5:38
"Hunnids","Ramirez","THE PLAYA$ MANUAL",2:57
"Hurt Feelings","Mac Miller","Swimming",2:15
"I Can See","Mac Miller","Circles (Deluxe)",4:06
"I Get a Kick Out of You","Ella Fitzgerald","Night and Day",3:41
"I Heard You Were Looking for Me","Night Lovell","I Heard You Were Looking for Me",4:04
"I Hit These Licks for You Momma (feat. Yoshi Thompkins)","Bass Santana","I Hit These Licks for You Momma (feat. Yoshi Thompkins)",3:06
"I spoke to the devil in miami, he said everything would be fine","XXXTENTACION","LOOK AT ME: THE ALBUM",3:38
"I Want You Back","Jackson 5","Greatest Hits",2:59
"I Want You Back","Jackson 5","Diana Ross Presents The Jackson 5",2:59
"Icarus (feat. Ari Lennox)","Bas","Milky Way",3:41
"IHY","ZillaKami","DOG BOY",4:23
"Ill Mind of Hopsin 8","Hopsin","Ill Mind of Hopsin 8",2:09
"Immortal","J. Cole","4 Your Eyez Only",6:31
"In the Morning (feat. Drake)","J. Cole","Cole World: The Sideline Story",3:22
"Indica Badu (feat. Wiz Khalifa)","Logic","Bobby Tarantino II",3:55
"Infinity (888) (feat. Joey Bada$$)","XXXTENTACION","?",4:21
"Infinity+2 (feat. Correy C)","Bas","Milky Way",2:57
"Insecurities","Freddie Gibbs","Shadow of a Doubt",1:55
"Interlude (That's Love)","Chance the Rapper","Acid Rap",4:27
"Intro","J. Cole","Cole World: The Sideline Story",2:30
"Jet Fuel","Mac Miller","Swimming",1:23
"Jocelyn Flores","XXXTENTACION","17",5:46
"JoHn Muir","ScHoolboy Q","Blank Face LP",2:00
"Juice","Chance the Rapper","Acid Rap (10th Anniversary - Complete Edition)",3:40
"Juice","Chance the Rapper","Acid Rap",3:36
"Juke Jam (feat. Justin Bieber & Towkio)","Chance the Rapper","Coloring Book",0:31
"Just Another Rapper","Dave East & Harry Fraud","HOFFA",3:40
"Just Wanna Rock","Lil Uzi Vert","Pink Tape",3:26
"K.R.I.T. HERE","Big K.R.I.T.","K.R.I.T. IZ HERE",2:04
"Ka-Bang! (feat. MF Doom)","CZARFACE","Every Hero Needs a Villain",3:21
"Keep It Gangsta","Freddie Gibbs","The Tonite Show with Freddie Gibbs & The Worlds Freshest",2:53
"King","Deniro Farrar","Sole Food",3:06
"King Kunta","Kendrick Lamar","To Pimp A Butterfly",2:29
"King Of The Dead","XXXTENTACION","LOOK AT ME: THE ALBUM",3:55
"Kiss With A Fist","Florence + The Machine","Harder Than Hell",3:40
"KLINK","Smino","NOIR",2:15
"Triple Threat","Freddie Gibbs","Piñata",3:03
"Pinball II (feat. Correy C)","Bas","Pinball II",2:28
"Pomegranate","KOTA the Friend","Lyrics to GO, Vol. 2",3:00
"Poppa (feat. Julian Bell)","Smino","blkjuptr",3:18
"Praise The Lord (Da Shine) (feat. Skepta)","A$AP Rocky","TESTING",4:07
"Pray For Me","The Weeknd & Kendrick Lamar","Pray For Me",4:22
"Pronto","Freddie Gibbs","Shadow of the Dreamers III: Director's Cut",3:16
"PROS","City Morgue, ZillaKami & SosMula","My Bloody America",3:38
"Protocols","Skeng, Tommy Lee Sparta & 1stClass","Protocol",3:20
"Psycho","slowthai & Denzel Curry","Psycho",2:54
"PTSD (feat. Mereba, Deante' Hitchcock & St. Beauty)","Dreamville, Omen","Revenge Of The Dreamers III",3:58
"PTSD (feat. Mereba, Deante' Hitchcock & St. Beauty)","Dreamville, Omen","Revenge Of The Dreamers III: Director's Cut",3:58
"Pull Up (feat. NAV)","A Boogie Wit da Hoodie","International Artist",3:22
"Pull Up N Wreck (feat. 21 Savage)","Big Sean & Metro Boomin","Double Or Nothing",3:14
"God Is Fair, Sexy Nasty (feat. Kendrick Lamar)","Mac Miller","The Divine Feminine",4:33
"God's Gift","J. Cole","Cole World: The Sideline Story",4:00
"Gold Digger (feat. Jamie Foxx)","Kanye West","Late Registration",3:28
"Golden Goals","Bas","Last Winter",3:37
"Good Ass Intro (feat. BJ The Chicago Kid & Lili K)","Chance the Rapper featuring BJ The Chicago Kid and Lili K","Acid Rap",4:00
"good kid","Kendrick Lamar","good kid, m.A.A.d. city",3:35
"Good News","Mac Miller","Circles (Deluxe)",5:43
"Hand Me Downs","Mac Miller","Circles (Deluxe)",3:25
"Hands","Mac Miller","Circles (Deluxe)",4:59
"Handsomeness","Dave East","Karma 3",3:20
"Hard to Find","idontknowjeffery","Hard to Find",2:54
"Harder Than My Demons","Big Sean","Detroit 2",2:09
"Harold’s","Freddie Gibbs & Madlib","Piñata",2:12
"Hearing","Sleeping At Last","Atlas: Senses",2:50
"Heart Attack","scarlxrd","Chaxsthexry",4:08
"Heartless","The Weeknd","After Hours",3:14
"Heaven On Earth","Kid Cudi","Man On The Moon III: The Chosen",3:19
"Hellcat (feat. Shakewell)","Germ","The Hijinx Tape",3:22
"Hello","ZillaKami","DOG BOY",1:57
"Her","Kota the Friend","Her",2:29
"High For Hours","J. Cole","High For Hours",2:58
"High For Hours","J. Cole","High For Hours",2:58
"Hit","Kenny Mason","Hit",4:12
"Hit List","That Mexican OT, BigXthaPlug, & Big Yavo","Lonestar Luchador",2:38
"Home (feat. BJ The Chicago Kid)","Freddie Gibbs & Madlib","Knicks Remix",3:06
"Home For A Rest","Spirit of the West","Save This House",2:14
"Homesick","Freddie Gibbs","You Only Live 2wice",4:37
"Homicide (feat. Eminem)","Logic","Confessions of a Dangerous Mind",4:30
"Hooked On A Feeling","Blue Swede & Björn Skifs","Pinewood Rally",2:53
"Hop Is Back","Hopsin","Knock Madness",3:34
"Hope","XXXTENTACION","?",1:50
"HOT ONE (feat. TiaCorine & A$AP Ferg)","Denzel Curry","HOT ONE",2:46
"HOT SHELLS","City Morgue, ZillaKami & SosMula","CITY MORGUE VOL 3: BOTTOM OF THE BARREL",4:25
"Housewives","Bas","Too High To Riot",3:31
"Housewives (Remix) (feat. Ab-Soul)","Bas","Housewives (Remix)",4:06
"How Great (feat. Jay Electronica & My cousin Nicole)","Chance the Rapper","Coloring Book",3:26
"HUMBLE.","Kendrick Lamar","DAMN. COLLECTORS EDITION.",5:38
"Hunnids","Ramirez","THE PLAYA$ MANUAL",2:57
"Hurt Feelings","Mac Miller","Swimming",2:15
Song Name,Artist,Album,Duration
"Dave East & Sosmula Home Invasion","DJ Triple Exe","Street Kings 66",3:02
"DAWG","City Morgue, ZillaKami & SosMula","DAWG",1:41
"Day 'N' Nite (nightmare)","Kid Cudi","Man On The Moon: The End Of Day",2:00
"Days Go By","Deniro Farrar","The Patriarch",3:42
"Deal Wiv It","Mura Masa & slowthai","R.Y.C",5:17
"Dear Maria","Freddie Gibbs","You Only Live 2wice",2:57
"death bed (coffee for your head)","Powfu & beabadoobee","poems of the past",3:56
"DEATH CULT INTRO","City Morgue, ZillaKami & SosMula","CITY MORGUE VOL 3: BOTTOM OF THE BARREL",2:54
"Death Row (feat. 03 Greedo)","Freddie Gibbs","Freddie",1:37
"dedgrl","ZillaKami","DOG BOY",2:23
"Deeper","Freddie Gibbs","Piñata",1:58
"Deja Vu","J. Cole","4 Your Eyez Only",3:20
"Designer","Bas","Milky Way",4:25
"Diablo","Mac Miller","Faces",2:54
"Diamonds 2 (feat. Cassie Jo Craig & Irie Jane Gibbs)","Freddie Gibbs","Freddie",3:19
"Die for You","The Weeknd","Starboy",3:36
"DIET_","Denzel Curry & Kenny Beats","UNLOCKED",4:21
"Disgusted (feat. Dreamville)","Dreamville","Revenge Of The Dreamers III: Director's Cut",2:24
"Dive","Kid Cudi","Man On The Moon III: The Chosen",2:44
"Do Not Disturb","Drake","More Life",2:29
"Dog Days Are Over","Florence + The Machine","Lungs (Digital Deluxe Version)",4:44
"Dollar and a Dream III","J. Cole","Cole World: The Sideline Story",4:13
"Don’t Front","Bas","Don't Front",4:44
"Don't Hit Me Right Now (feat. Yung Baby Tate, Guapdad 4000 & Buddy)","Dreamville & Bas","Revenge Of The Dreamers III",3:16
"Don't Hit Me Right Now (feat. Yung Baby Tate, Guapdad 4000 & Buddy)","Dreamville","Revenge Of The Dreamers III: Director's Cut",2:55
"Don't Run (Remix) (feat. Young M.A, Dave East, Don Q & Fabolous)","Casanova","Don't Run (Remix)",2:55
"Don't Stop Me Now","Queen","Jazz (Deluxe Remastered Version)",5:12
"Dopamine (feat. Cozz)","Bas","Too High To Riot",3:30
"Yellow Tape","Key Glock","Dough",3:37
"Down Bad (feat. JID, Bas, J. Cole & EARTHGANG)","Dreamville","Revenge Of The Dreamers III",3:19
"Revenge Of The Dreamers III: Director's Cut,Down Bad (feat. Dreamville, JID, J. Cole & EARTHGANG)","Dreamville","Revenge Of The Dreamers III: Director's Cut",2:50
"DR. WHOEVER","Aminé","ONEPOINTFIVE",4:20
"DRAINO (feat. Denzel Curry)","City Morgue, ZillaKami & SosMula","CITY MORGUE VOL 2: AS GOOD AS DEAD",3:23
"Dreams (2004 Remaster)","Fleetwood Mac","Rumours",4:18
"Drug Dealer","slowthai","Nothing Great About Britain",3:08
"Dunno","Mac Miller","Swimming",2:58
"Elevator","KOTA the Friend & Statik Selektah","To See A Sunset",3:40
"Elsie's Baby Boy (flashback)","Kid Cudi","Man On The Moon III: The Chosen",3:40
"Emotionally Dumb","KOTA the Friend","Lyrics to GO, Vol. 2",1:34
"End Of Daze (feat. Jurdan Bryant, Mereba & Hollywood JB)","Spillage Village, EARTHGANG & JID","Spilligion",5:34
"Enemy (from the series Arcane League of Legends)","Imagine Dragons, JID, Arcane & League Of Legends","Mercury : Acts 1 & 2",2:54
"Envy","Dave East","Karma 3",2:58
"Equalizer (feat. Ronny J)","Denzel Curry","13",2:50
"Everybody","Mac Miller","Circles (Deluxe)",4:17
"everybody dies","J. Cole","everybody dies",2:42
"Everybody Dies In Their Nightmares","XXXTENTACION","17",1:36
"Everybody's Something (feat. BJ The Chicago Kid & Saba)","Chance the Rapper featuring Saba and BJ The Chicago Kid","Acid Rap",4:37
"Everyday (feat. Rod Stewart, Miguel & Mark Ronson)","A$AP Rocky","AT.LONG.LAST.A$AP",4:21
"EVERYTHING IS BROKEN","City Morgue, ZillaKami & SosMula","CITY MORGUE VOL 3: BOTTOM OF THE BARREL",4:21
"Everything's Good (Good Ass Outro)","Chance the Rapper","Acid Rap",2:20
"Extradite (feat. Black Thought)","Freddie Gibbs","Shadow of a Doubt",5:34
"F**kin' Problems (feat. Drake, 2 Chainz & Kendrick Lamar)","A$AP Rocky","LONG.LIVE.A$AP (Deluxe Version)",4:40
"What It Means to Be King","King Von","What It Means to Be King",3:54
"Falling","Harry Styles","Fine Line",2:37
"False Advertisement","Hopsin","False Advertisement",4:01
"False Prophets","J. Cole","False Prophets",4:36
"Fast Car","Luke Combs","Gettin' Old",3:58
"Favorite Song (feat. Childish Gambino)","Chance the Rapper featuring Childish Gambino","Acid Rap",4:26
"FBC","Freddie Gibbs","Freddie",3:06
"Feel Good Inc.","Gorillaz","Demon Days",3:37
Song Name,Artist,Album,Duration
"10 Freaky Girls (feat. 21 Savage)","Metro Boomin","NOT ALL HEROES WEAR CAPES",3:29
"100 Grandkids","Mac Miller","GO:OD AM",4:39
"1993 (feat. Smino & Buddy)","Dreamville, J. Cole, JID & EARTHGANG","Revenge Of The Dreamers III: Director's Cut",3:31
"2009","Mac Miller","Swimming",5:48
"365 DAYS OF PEACE","KOTA the Friend","MEMO",4:05
"4 Your Eyez Only","J. Cole","4 Your Eyez Only",8:51
"A$AP Forever (feat. Moby)","A$AP Rocky","A$AP Forever",3:54
"Acid Rain","Chance the Rapper","Acid Rap",3:37
"Album of the Year (Freestyle)","J. Cole","Album of the Year (Freestyle)",2:19
"All Girls Are The Same","Juice WRLD","Goodbye & Good Riddance",2:46
"All Night (feat. Knox Fortune)","Chance the Rapper","Coloring Book",2:22
"All We Got (feat. Kanye West & Chicago Children's Choir)","Chance the Rapper","Coloring Book",3:24
"Amnesia","Bas, Ari Lennox & Kiddominant","Spilled Milk 1",3:36
"Angels (feat. Saba)","Chance the Rapper","Coloring Book",3:27
"Ascension","Mac Miller","GO:OD AM",4:53
"Aw Shit (Zillakami Solo)","City Morgue & ZillaKami","CITY MORGUE VOL 1: HELL OR HIGH WATER",2:00
"Back To Back","Drake","Back To Back",2:51
"Bad Company (feat. BlocBoy JB)","A$AP Rocky","Bad Company",3:04
"Bali (feat. NAV)","88GLAM","88GLAM RELOADED",3:06
"Banana Split (feat. Lil Durk)","Murda Beatz & YNW Melly","Banana Split",3:13
"Bandit","Juice WRLD & YoungBoy Never Broke Again","Bandit",3:10
"Barack Obama Special","Bas","Milky Way",3:08
"Barbarian","Juice WRLD","The Party Never Ends 2.0",2:31
"Basically","Pressa","Press a Brick",2:27
"Bath Salt (feat. Asap Rocky & Asap Ant)","ASAP Mob","Lords Never Worry",4:11
"before I close my eyes","XXXTENTACION","?",1:40
"Big Black Truck","Dreamville & JID","Revenge Of The Dreamers III: Director's Cut",2:33
"Bigger Than You (feat. Drake & Quavo)","2 Chainz","Bigger Than You",3:46
"Black Owned Business","Bas","Too High To Riot",2:42
"Black Skinhead","Kanye West","Yeezus",2:42
"Blessings (feat. Jamila Woods)","Chance the Rapper","Coloring Book",3:09
"Blessings (feat. Ty Dolla $ign, Anderson .Paak, BJ The Chicago Kid & Raury)","Chance the Rapper","Coloring Book",3:42
"Blinding Lights","The Weeknd","After Hours",3:51
"Blinding Lights","The Weeknd","Blinding Lights",3:21
"Bloxk Party (feat. Drego)","Sada Baby","Bloxk Party",3:22
"Blue World","Mac Miller","Circles (Deluxe)",3:39
"Boca Raton","Bas","Milky Way",3:30
"Bohemian Rhapsody","Queen","A Night At The Opera (Deluxe Remastered Version)",3:18
"Bomb (feat. Raekwon)","Freddie Gibbs & Madlib","Piñata",5:55
"Born Free","Andy Williams","Andy Williams' Greatest Hits",3:44
"Born Free","Frank Sinatra","The World We Knew",2:25
"Bounce","Logic","Under Pressure (Deluxe)",2:03
"Bow Down (feat. Denzel Curry)","Deniro Farrar","Rebirth",4:05
"Boy in the Box","City Morgue, ZillaKami & SosMula","My Bloody America",3:47
"Break Shit","Jasiah","Break Shit",2:44
"Breakdown","J. Cole","Cole World: The Sideline Story",1:36
"Broccoli (feat. Lil Yachty)","Shelley FKA DRAM","Big Baby DRAM (Deluxe Version)",4:46
"Broken (feat. Scarface)","Freddie Gibbs & Madlib","Piñata",3:57
"Bulls On Parade","Rage Against The Machine","Evil Empire",4:09
"Buttons","Mac Miller","Buttons",3:50
"C.R.E.A.M. (Cash Rules Everything Around Me) (Radio Edit)","Wu-Tang Clan","C.R.E.A.M. (Cash Rules Everything Around Me)",3:49
"CABIN IN THE WOODS (feat. Jasiah)","City Morgue, ZillaKami & SosMula","CITY MORGUE VOL 3: BOTTOM OF THE BARREL",4:05
"Can't Feel My Face","The Weeknd","Beauty Behind The Madness",2:09
"Can't Get Enough (feat. Trey Songz)","J. Cole","Cole World: The Sideline Story",3:34
"Can't Touch Me","Deniro Farrar","Guilty Until Proven Innocent",3:46
"Canal St. (feat. Bones)","A$AP Rocky","AT.LONG.LAST.A$AP",3:37
"Candles","Juice WRLD","Goodbye & Good Riddance",3:48
"Carbonated Water","Ski Mask The Slump God","Carbonated Water",3:04
"Carefree","Mick Jenkins","Carefree",2:22
"Carry On (feat. Joey Bada$$ & Freddie Gibbs)","Statik Selektah","What Goes Around",3:11
"Cereal (feat. Kenny Mason)","IDK & JID","Cereal",3:28
"Chain Smoker","Chance the Rapper","Acid Rap",3:19
"CHAINS","ZillaKami","DOG BOY",3:31
"CHAINS","ZillaKami","CHAINS",2:54
"Change","J. Cole","4 Your Eyez Only",2:54
"Cheat Codes (feat. Lxui Savage & Ski Mask The Slump God)","Bass Santana","Obeah Child",2:56
"Cherry Bomb","The Runaways","The Runaways",2:19
"Chewing Gum!","ZillaKami","DOG BOY",2:02
"Chicago Diner","KOTA the Friend & Lil KOTA","Outside",2:56
"Children Of The Void (feat. Sosmula)","Ramirez","Children Of The Void",1:51
"Chill Bill (feat. J. Davi$ & Spooks)","Rob $tone","Chill Bill",2:58
"Cinderella (feat. Ty Dolla $ign)","Mac Miller","The Divine Feminine",3:46
"Circles","Mac Miller","Circles (Deluxe)",2:22
"Classic Mouth","Deniro Farrar","Guilty Until Proven Innocent",2:51
"Clinton Hill","KOTA the Friend","Lyrics to GO, Vol. 2",4:18
"Clouds Never Get Old","Bas","Too High To Riot",1:29
"Cocoa Butter Kisses (feat. Twista & Vic Mensa)","Chance the Rapper featuring Vic Mensa and Twista","Acid Rap",3:09
"Cold Ass Nigga","Freddie Gibbs","Shadow of a Doubt",5:08
"Cole World","J. Cole","Cole World: The Sideline Story",3:54
"Collard Greens (feat. Kendrick Lamar)","ScHoolboy Q","Oxymoron",3:05
"Colorado","KOTA The Friend","Colorado",5:00
"Come & Go (feat. Marshmallow)","Juice WRLD","Legends Never Die",3:27
"Come Back to Earth","Mac Miller","Swimming",3:26
"Complicated","Mac Miller","Circles (Deluxe)",2:42
"Congratulations (feat. Bilal)","Mac Miller","The Divine Feminine",3:53
"CONSCIENCE","City Morgue, ZillaKami & SosMula","CITY MORGUE VOL 3: BOTTOM OF THE BARREL",4:17
"Conversation Pt. 1","Mac Miller","Swimming",2:08
"Conversations","Juice WRLD","Legends Never Die",3:31
"COOLEST MONKEY IN THE JUNGLE (feat. SahBabii)","Ski Mask The Slump God","BEWARE THE BOOK OF ELI",3:02
"Costa Rica (feat. Guapdad 4000, Reese LAFLARE, Jace & Mez)","Dreamville, Bas & JID","Revenge Of The Dreamers III",2:33
"Costa Rica (feat. Guapdad 4000, Reese LAFLARE, Jace & Mez)","Dreamville","Revenge Of The Dreamers III: Director's Cut",3:38
"Country Roads (Live 1995)","John Denver","The Wildlife Concert",3:38
"Crazy He Calls Me","Billie Holiday","Lover Man",3:16
"Again","Dave East","Kairi Chanel",3:06
"Ain't No Mountain High Enough","Marvin Gaye & Tammi Terrell","Best Of",2:27


